Gene_Symbol,Raw_Detection_Rate_%,Raw_Mean_Expr_All,Raw_Mean_Expr_Detected,Raw_Aggregated_CPM,LooseQC_Detection_Rate_%,LooseQC_Mean_Expr_All,LooseQC_Mean_Expr_Detected,LooseQC_Aggregated_CPM,StrongQC_Detection_Rate_%,StrongQC_Mean_Expr_All,StrongQC_Mean_Expr_Detected,StrongQC_Aggregated_CPM,Cell_Type,Replicate,Source_File
AARS1,0.44,0.0071,1.623,33.6512,19.23,0.1624,0.8445,33.0962,25.35,0.1987,0.7838,33.057,"iPSC-Neuron, Day 21",GSM8787485,GSM8787485_neuron2025.h5ad
ABCB6,0.02,0.0003,1.5545,1.0755,0.75,0.006,0.8063,1.0456,0.96,0.0067,0.702,1.0169,"iPSC-Neuron, Day 21",GSM8787485,GSM8787485_neuron2025.h5ad
ABCC6,0.01,0.0001,1.002,0.7524,0.61,0.0041,0.6764,0.8451,0.83,0.0056,0.6764,0.8668,"iPSC-Neuron, Day 21",GSM8787485,GSM8787485_neuron2025.h5ad
ABCC8,0.13,0.0015,1.0985,9.4543,7.14,0.056,0.7846,10.8731,9.48,0.0701,0.7392,10.9079,"iPSC-Neuron, Day 21",GSM8787485,GSM8787485_neuron2025.h5ad
ABCC9,0.11,0.0011,0.9952,7.7411,6.3,0.0505,0.8016,9.3345,8.35,0.0631,0.7556,9.3464,"iPSC-Neuron, Day 21",GSM8787485,GSM8787485_neuron2025.h5ad
ACAN,0.01,0.0001,1.0078,0.5654,0.49,0.0041,0.8274,0.6826,0.66,0.0053,0.7961,0.689,"iPSC-Neuron, Day 21",GSM8787485,GSM8787485_neuron2025.h5ad
ACD,0.4,0.0061,1.5166,30.5862,18.05,0.1428,0.7909,30.3603,23.93,0.177,0.7396,30.4731,"iPSC-Neuron, Day 21",GSM8787485,GSM8787485_neuron2025.h5ad
ACO2,1.01,0.0178,1.7624,102.178,43.71,0.455,1.0408,106.6727,57.4,0.5621,0.9794,107.2004,"iPSC-Neuron, Day 21",GSM8787485,GSM8787485_neuron2025.h5ad
ACOX1,0.35,0.0052,1.4777,26.1822,16.1,0.1309,0.8132,26.1183,21.32,0.1624,0.7615,26.1666,"iPSC-Neuron, Day 21",GSM8787485,GSM8787485_neuron2025.h5ad
ACTA1,0.01,0.0001,1.305,0.6589,0.44,0.0028,0.6289,0.6393,0.6,0.0038,0.6289,0.6557,"iPSC-Neuron, Day 21",GSM8787485,GSM8787485_neuron2025.h5ad
ACTA2,0.25,0.0027,1.0404,18.7896,14.43,0.1245,0.8629,22.8569,19.11,0.1553,0.8126,22.8493,"iPSC-Neuron, Day 21",GSM8787485,GSM8787485_neuron2025.h5ad
ACTB,8.17,0.3291,4.03,3618.4895,94.75,3.3335,3.5181,3709.9253,98.94,3.5077,3.5454,3732.1497,"iPSC-Neuron, Day 21",GSM8787485,GSM8787485_neuron2025.h5ad
ACTC1,0,0,1.6244,0.0298,0.02,0.0003,1.3093,0.0325,0.02,0.0002,1.0156,0.0278,"iPSC-Neuron, Day 21",GSM8787485,GSM8787485_neuron2025.h5ad
ACTG1,8.06,0.3188,3.9535,3046.8562,94.21,3.171,3.366,2992.9155,98.63,3.3064,3.3523,2998.978,"iPSC-Neuron, Day 21",GSM8787485,GSM8787485_neuron2025.h5ad
ACTL6A,0.4,0.0061,1.5295,30.3907,17.48,0.1405,0.8036,29.7644,23.17,0.174,0.7513,29.8174,"iPSC-Neuron, Day 21",GSM8787485,GSM8787485_neuron2025.h5ad
ACTN1,0.29,0.0041,1.3913,22.0842,13.99,0.1143,0.8167,23.079,18.42,0.1387,0.7531,22.9937,"iPSC-Neuron, Day 21",GSM8787485,GSM8787485_neuron2025.h5ad
ACTN2,0.06,0.0007,1.1438,4.1065,3.23,0.0259,0.8013,4.67,4.27,0.0318,0.7463,4.6565,"iPSC-Neuron, Day 21",GSM8787485,GSM8787485_neuron2025.h5ad
ACVR1,0.18,0.0028,1.5248,12.5533,8.09,0.0645,0.7972,12.0271,10.65,0.0781,0.7328,11.9581,"iPSC-Neuron, Day 21",GSM8787485,GSM8787485_neuron2025.h5ad
ADAR,1.13,0.0209,1.8454,115.7728,47.97,0.5315,1.108,118.8299,62.37,0.6429,1.0307,118.5584,"iPSC-Neuron, Day 21",GSM8787485,GSM8787485_neuron2025.h5ad
ADCY5,0.24,0.0027,1.1505,17.6291,12.29,0.0931,0.7576,19.8447,16.38,0.1173,0.7161,19.982,"iPSC-Neuron, Day 21",GSM8787485,GSM8787485_neuron2025.h5ad
AFG3L2,0.95,0.0178,1.8769,84.2003,37.29,0.3725,0.9988,78.7125,48.16,0.4355,0.9043,77.8776,"iPSC-Neuron, Day 21",GSM8787485,GSM8787485_neuron2025.h5ad
AGO2,0.93,0.0153,1.6492,94.9512,42.31,0.4379,1.0349,102.1003,55.68,0.544,0.9769,102.5772,"iPSC-Neuron, Day 21",GSM8787485,GSM8787485_neuron2025.h5ad
AICDA,0.03,0.0002,0.8904,1.7217,1.52,0.0117,0.7701,2.1183,2,0.0141,0.7055,2.1004,"iPSC-Neuron, Day 21",GSM8787485,GSM8787485_neuron2025.h5ad
AKT3,1.33,0.0255,1.9231,165.5652,56.67,0.7032,1.2408,177.7193,73.64,0.8611,1.1694,178.3821,"iPSC-Neuron, Day 21",GSM8787485,GSM8787485_neuron2025.h5ad
ALB,0,0,1.3786,0.1318,0.09,0.0006,0.74,0.1246,0.11,0.0007,0.6545,0.1222,"iPSC-Neuron, Day 21",GSM8787485,GSM8787485_neuron2025.h5ad
ALDH18A1,0.19,0.0031,1.6132,13.4205,8.21,0.067,0.8159,12.2871,10.68,0.0779,0.7295,12.0859,"iPSC-Neuron, Day 21",GSM8787485,GSM8787485_neuron2025.h5ad
ALG5,0.69,0.011,1.5831,61.0832,31.39,0.2844,0.9058,63.321,41.36,0.3501,0.8466,63.519,"iPSC-Neuron, Day 21",GSM8787485,GSM8787485_neuron2025.h5ad
ALG8,0.36,0.0048,1.339,26.9388,17.56,0.1485,0.8459,29.0059,23.15,0.1819,0.786,28.9506,"iPSC-Neuron, Day 21",GSM8787485,GSM8787485_neuron2025.h5ad
ALG9,0.26,0.0032,1.2342,18.7216,13.25,0.1094,0.8255,20.847,17.53,0.1357,0.774,20.8655,"iPSC-Neuron, Day 21",GSM8787485,GSM8787485_neuron2025.h5ad
ALK,0.11,0.0014,1.2953,8.009,5.58,0.0464,0.831,8.679,7.38,0.0574,0.7777,8.6852,"iPSC-Neuron, Day 21",GSM8787485,GSM8787485_neuron2025.h5ad
ALPK3,0.01,0.0001,1.111,0.7524,0.57,0.0041,0.7239,0.8235,0.75,0.0048,0.6382,0.8113,"iPSC-Neuron, Day 21",GSM8787485,GSM8787485_neuron2025.h5ad
ALPL,0.01,0.0001,1.2853,0.4379,0.3,0.0019,0.6281,0.4442,0.41,0.0026,0.6281,0.4557,"iPSC-Neuron, Day 21",GSM8787485,GSM8787485_neuron2025.h5ad
ANK1,0.5,0.0081,1.6104,38.9905,22.07,0.1987,0.9004,38.3784,28.64,0.2324,0.8115,37.8302,"iPSC-Neuron, Day 21",GSM8787485,GSM8787485_neuron2025.h5ad
ANKRD26,0.74,0.0107,1.4574,71.613,36.6,0.366,1.0001,79.9531,48.22,0.455,0.9434,80.1447,"iPSC-Neuron, Day 21",GSM8787485,GSM8787485_neuron2025.h5ad
ANO5,0.97,0.0169,1.7477,110.3272,42.6,0.461,1.0821,118.6457,55.84,0.5689,1.0188,119.3752,"iPSC-Neuron, Day 21",GSM8787485,GSM8787485_neuron2025.h5ad
ANXA11,0.11,0.0013,1.1877,7.5796,5.31,0.0372,0.7002,8.186,7.08,0.0468,0.6616,8.2462,"iPSC-Neuron, Day 21",GSM8787485,GSM8787485_neuron2025.h5ad
AP1G1,0.88,0.0158,1.8043,76.9268,35.5,0.3429,0.9659,73.6632,46.33,0.4124,0.8902,73.3544,"iPSC-Neuron, Day 21",GSM8787485,GSM8787485_neuron2025.h5ad
AP2M1,2.21,0.0577,2.6063,313.6842,65.59,0.9969,1.5199,299.9297,82.4,1.1617,1.4099,299.4299,"iPSC-Neuron, Day 21",GSM8787485,GSM8787485_neuron2025.h5ad
APP,3.64,0.1175,3.2246,769.842,80.45,1.79,2.225,756.5368,95.16,2.0126,2.1149,755.693,"iPSC-Neuron, Day 21",GSM8787485,GSM8787485_neuron2025.h5ad
ARF1,2.62,0.0738,2.8146,463.3208,70.23,1.268,1.8054,455.9894,86.58,1.4671,1.6946,456.5909,"iPSC-Neuron, Day 21",GSM8787485,GSM8787485_neuron2025.h5ad
ARHGAP29,0.1,0.0014,1.3077,7.3245,5.11,0.042,0.8212,7.6388,6.69,0.05,0.7465,7.546,"iPSC-Neuron, Day 21",GSM8787485,GSM8787485_neuron2025.h5ad
ASXL2,0.3,0.0042,1.3795,22.7856,14.42,0.1167,0.8094,23.6154,19.05,0.1433,0.7522,23.5994,"iPSC-Neuron, Day 21",GSM8787485,GSM8787485_neuron2025.h5ad
ATL1,1.88,0.0453,2.4049,288.1015,64.45,0.9627,1.4939,293.6616,82.22,1.1565,1.4067,294.7178,"iPSC-Neuron, Day 21",GSM8787485,GSM8787485_neuron2025.h5ad
ATL3,0.1,0.0013,1.3046,6.8059,4.78,0.0363,0.7594,7.0429,6.35,0.0452,0.7122,7.057,"iPSC-Neuron, Day 21",GSM8787485,GSM8787485_neuron2025.h5ad
ATP11A,0.71,0.0108,1.5271,66.2992,33.29,0.3151,0.9463,71.9188,43.82,0.3882,0.8859,72.1208,"iPSC-Neuron, Day 21",GSM8787485,GSM8787485_neuron2025.h5ad
ATP13A3,0.76,0.0123,1.6148,65.8273,33.92,0.3246,0.9569,67.0646,44.41,0.3942,0.8877,66.8919,"iPSC-Neuron, Day 21",GSM8787485,GSM8787485_neuron2025.h5ad
ATP1A1,0.54,0.0093,1.7161,42.2043,22.76,0.2087,0.917,39.8574,29.66,0.2485,0.8377,39.4639,"iPSC-Neuron, Day 21",GSM8787485,GSM8787485_neuron2025.h5ad
ATP1A2,0.01,0.0002,1.0299,1.033,0.82,0.0069,0.8452,1.2406,1.09,0.0087,0.8019,1.2447,"iPSC-Neuron, Day 21",GSM8787485,GSM8787485_neuron2025.h5ad
ATP1A3,1.54,0.0336,2.1824,251.8741,61.61,0.8845,1.4357,277.5713,80.21,1.1035,1.3757,280.6371,"iPSC-Neuron, Day 21",GSM8787485,GSM8787485_neuron2025.h5ad
ATP2B2,0.33,0.0047,1.4505,24.9536,15.09,0.1244,0.8243,25.5494,19.89,0.1519,0.7638,25.5276,"iPSC-Neuron, Day 21",GSM8787485,GSM8787485_neuron2025.h5ad
ATXN2,1.43,0.0292,2.0427,184.6737,57.75,0.7396,1.2806,194.1455,74.78,0.9006,1.2044,194.6911,"iPSC-Neuron, Day 21",GSM8787485,GSM8787485_neuron2025.h5ad
BACH2,0.61,0.009,1.4786,52.985,28.77,0.2605,0.9055,56.9066,38.23,0.3292,0.8612,57.401,"iPSC-Neuron, Day 21",GSM8787485,GSM8787485_neuron2025.h5ad
BCL11B,0.16,0.0019,1.2508,13.4163,8.05,0.0694,0.8627,15.2885,10.7,0.0874,0.8173,15.3921,"iPSC-Neuron, Day 21",GSM8787485,GSM8787485_neuron2025.h5ad
BEST1,0.07,0.0012,1.7059,4.5274,3.14,0.0243,0.7717,4.4587,4.18,0.0303,0.7259,4.4732,"iPSC-Neuron, Day 21",GSM8787485,GSM8787485_neuron2025.h5ad
BICRA,0.11,0.0014,1.2429,7.6986,5.64,0.0432,0.766,8.2835,7.48,0.0536,0.7164,8.2906,"iPSC-Neuron, Day 21",GSM8787485,GSM8787485_neuron2025.h5ad
BRAF,0.8,0.0132,1.6542,70.4567,35.23,0.3438,0.9759,71.9567,46.05,0.4167,0.9049,71.7652,"iPSC-Neuron, Day 21",GSM8787485,GSM8787485_neuron2025.h5ad
BRD4,1.21,0.0226,1.8691,139.1535,51.03,0.5793,1.1353,146.3838,66.89,0.7183,1.0739,147.3367,"iPSC-Neuron, Day 21",GSM8787485,GSM8787485_neuron2025.h5ad
BRSK2,0.77,0.0141,1.8296,63.1875,30.65,0.2927,0.9551,58.5102,39.54,0.3385,0.8563,57.6066,"iPSC-Neuron, Day 21",GSM8787485,GSM8787485_neuron2025.h5ad
BSCL2,0.14,0.0019,1.3908,9.2928,6.5,0.0505,0.7767,9.6217,8.59,0.0618,0.72,9.6076,"iPSC-Neuron, Day 21",GSM8787485,GSM8787485_neuron2025.h5ad
C19orf12,0.8,0.0133,1.6657,74.2954,34.58,0.3199,0.9251,75.6136,45.45,0.3911,0.8605,75.816,"iPSC-Neuron, Day 21",GSM8787485,GSM8787485_neuron2025.h5ad
C1QTNF5,0,0,0,0,0,0,0,0,0,0,0,0,"iPSC-Neuron, Day 21",GSM8787485,GSM8787485_neuron2025.h5ad
C3,0.01,0.0001,1.0241,0.8417,0.71,0.0051,0.7241,0.9914,0.95,0.0066,0.6929,1.0002,"iPSC-Neuron, Day 21",GSM8787485,GSM8787485_neuron2025.h5ad
C9orf72,0.71,0.0119,1.6727,61.3425,30.44,0.2774,0.9112,60.8127,39.92,0.3363,0.8424,60.7684,"iPSC-Neuron, Day 21",GSM8787485,GSM8787485_neuron2025.h5ad
CACNA1C,0.22,0.0027,1.2488,15.6651,11.13,0.0929,0.8346,17.358,14.68,0.1141,0.7775,17.3148,"iPSC-Neuron, Day 21",GSM8787485,GSM8787485_neuron2025.h5ad
CACNA1D,0.19,0.0024,1.2443,13.8031,9.91,0.0832,0.8389,15.2993,13.08,0.1023,0.782,15.2477,"iPSC-Neuron, Day 21",GSM8787485,GSM8787485_neuron2025.h5ad
CACNA1E,0.71,0.0111,1.5584,65.5213,34.05,0.3486,1.0239,71.1766,44.41,0.4221,0.9504,70.8038,"iPSC-Neuron, Day 21",GSM8787485,GSM8787485_neuron2025.h5ad
CACNA1S,0,0,2.3543,0.0553,0.02,0.0003,1.186,0.0325,0.03,0.0002,0.8427,0.0278,"iPSC-Neuron, Day 21",GSM8787485,GSM8787485_neuron2025.h5ad
CALM1,7.94,0.3073,3.8679,2801.1038,93.87,3.0562,3.2557,2633.9175,98.05,3.1314,3.1938,2626.166,"iPSC-Neuron, Day 21",GSM8787485,GSM8787485_neuron2025.h5ad
CALM2,7.32,0.2788,3.807,2483.3682,91.84,2.8929,3.15,2417.6519,97.55,3.0305,3.1065,2421.4004,"iPSC-Neuron, Day 21",GSM8787485,GSM8787485_neuron2025.h5ad
CALM3,3.78,0.1195,3.1641,682.6532,76.6,1.5915,2.0778,626.8716,90.21,1.7511,1.9411,623.4484,"iPSC-Neuron, Day 21",GSM8787485,GSM8787485_neuron2025.h5ad
CAMK2A,0.18,0.0023,1.258,13.1995,9.22,0.0761,0.8256,14.4813,12.19,0.0941,0.7721,14.4753,"iPSC-Neuron, Day 21",GSM8787485,GSM8787485_neuron2025.h5ad
CAPN3,0.03,0.0002,0.8589,1.8705,1.65,0.0126,0.7631,2.3133,2.21,0.0164,0.7409,2.3449,"iPSC-Neuron, Day 21",GSM8787485,GSM8787485_neuron2025.h5ad
CAPN5,0.1,0.0014,1.3636,7.0652,4.83,0.0347,0.7185,7.0646,6.39,0.0421,0.6594,7.0459,"iPSC-Neuron, Day 21",GSM8787485,GSM8787485_neuron2025.h5ad
CARD11,0,0,1.6825,0.0553,0.04,0.0003,0.6824,0.0542,0.05,0.0004,0.6824,0.0556,"iPSC-Neuron, Day 21",GSM8787485,GSM8787485_neuron2025.h5ad
CASQ2,0,0,0.719,0.2126,0.2,0.0014,0.719,0.2709,0.26,0.0018,0.6844,0.2723,"iPSC-Neuron, Day 21",GSM8787485,GSM8787485_neuron2025.h5ad
CASR,0.07,0.0009,1.1434,5.0417,3.96,0.0319,0.806,5.7156,5.22,0.0389,0.7444,5.6845,"iPSC-Neuron, Day 21",GSM8787485,GSM8787485_neuron2025.h5ad
CAV1,0.03,0.0003,1.2108,2.1808,1.38,0.0083,0.6059,2.3025,1.85,0.0108,0.5811,2.3394,"iPSC-Neuron, Day 21",GSM8787485,GSM8787485_neuron2025.h5ad
CAV3,0,0,0,0,0,0,0,0,0,0,0,0,"iPSC-Neuron, Day 21",GSM8787485,GSM8787485_neuron2025.h5ad
CBL,0.78,0.0124,1.5849,73.6408,35.45,0.3342,0.9429,77.3797,46.56,0.4092,0.8789,77.5664,"iPSC-Neuron, Day 21",GSM8787485,GSM8787485_neuron2025.h5ad
CCM2,0.47,0.0073,1.5378,37.5112,20.77,0.1667,0.8026,37.2244,27.43,0.2042,0.7444,37.3134,"iPSC-Neuron, Day 21",GSM8787485,GSM8787485_neuron2025.h5ad
CCND2,1.71,0.0435,2.5477,293.1687,52.93,0.8287,1.5656,299.1821,66.3,0.9649,1.4553,299.8856,"iPSC-Neuron, Day 21",GSM8787485,GSM8787485_neuron2025.h5ad
CD164,0.47,0.0075,1.5761,36.1763,20.65,0.1739,0.8419,35.247,27.17,0.2112,0.7771,35.1797,"iPSC-Neuron, Day 21",GSM8787485,GSM8787485_neuron2025.h5ad
CD2AP,0.22,0.0029,1.3608,15.5418,10.49,0.0902,0.86,16.3233,13.82,0.1107,0.8011,16.2757,"iPSC-Neuron, Day 21",GSM8787485,GSM8787485_neuron2025.h5ad
CD46,1.14,0.0203,1.7814,120.3002,50.85,0.5902,1.1607,128.1807,65.95,0.7146,1.0835,127.6492,"iPSC-Neuron, Day 21",GSM8787485,GSM8787485_neuron2025.h5ad
CDC42,1.13,0.0216,1.912,108.1592,44.47,0.4697,1.056,105.3508,57.58,0.5589,0.9707,104.9055,"iPSC-Neuron, Day 21",GSM8787485,GSM8787485_neuron2025.h5ad
CDH11,0.4,0.006,1.4986,38.4124,18.41,0.1554,0.8441,40.8271,24.33,0.192,0.7893,41.1031,"iPSC-Neuron, Day 21",GSM8787485,GSM8787485_neuron2025.h5ad
CDK4,0.5,0.0076,1.5085,41.1288,22.8,0.1892,0.8296,41.9052,30.15,0.2335,0.7743,42.02,"iPSC-Neuron, Day 21",GSM8787485,GSM8787485_neuron2025.h5ad
CEACAM16,0,0,0,0,0,0,0,0,0,0,0,0,"iPSC-Neuron, Day 21",GSM8787485,GSM8787485_neuron2025.h5ad
CEBPA,0.03,0.0004,1.418,1.913,1.35,0.0101,0.7473,1.9124,1.78,0.0121,0.6785,1.8948,"iPSC-Neuron, Day 21",GSM8787485,GSM8787485_neuron2025.h5ad
CEL,0.01,0.0001,1.264,0.5866,0.45,0.0033,0.7352,0.6339,0.6,0.004,0.6791,0.6335,"iPSC-Neuron, Day 21",GSM8787485,GSM8787485_neuron2025.h5ad
CEP85L,1.78,0.0436,2.456,331.2028,62.62,1.0149,1.6208,355.639,79.06,1.206,1.5254,356.7976,"iPSC-Neuron, Day 21",GSM8787485,GSM8787485_neuron2025.h5ad
CFB,0,0,3.4526,0.0043,0,0,0,0,0,0,0,0,"iPSC-Neuron, Day 21",GSM8787485,GSM8787485_neuron2025.h5ad
CFH,0.1,0.001,1.059,6.7719,5.17,0.0397,0.7684,7.926,6.84,0.0491,0.7175,7.935,"iPSC-Neuron, Day 21",GSM8787485,GSM8787485_neuron2025.h5ad
CFI,0.01,0.0002,1.1501,0.9267,0.78,0.0062,0.8031,1.0781,1.03,0.0078,0.7553,1.078,"iPSC-Neuron, Day 21",GSM8787485,GSM8787485_neuron2025.h5ad
CHAMP1,0.72,0.0127,1.7786,58.9024,28.66,0.2628,0.9169,54.6854,37.42,0.3136,0.8381,54.3393,"iPSC-Neuron, Day 21",GSM8787485,GSM8787485_neuron2025.h5ad
CHCHD10,1.01,0.021,2.0878,131.965,37.52,0.4334,1.155,135.7436,48.74,0.5252,1.0777,136.6511,"iPSC-Neuron, Day 21",GSM8787485,GSM8787485_neuron2025.h5ad
CHD3,1.47,0.0311,2.1199,168.7748,55.97,0.7096,1.2678,168.206,71.86,0.8454,1.1765,167.5687,"iPSC-Neuron, Day 21",GSM8787485,GSM8787485_neuron2025.h5ad
CHD4,1,0.0159,1.5853,126.4259,49.06,0.5417,1.1043,145.945,65.4,0.7007,1.0714,148.2424,"iPSC-Neuron, Day 21",GSM8787485,GSM8787485_neuron2025.h5ad
CHMP2B,0.93,0.0178,1.9117,90.5812,35.98,0.3604,1.0018,86.0587,46.84,0.4307,0.9195,85.7681,"iPSC-Neuron, Day 21",GSM8787485,GSM8787485_neuron2025.h5ad
CHN1,0.95,0.0179,1.8878,86.1388,37.19,0.3754,1.0096,81.3346,48.06,0.4402,0.9159,80.6226,"iPSC-Neuron, Day 21",GSM8787485,GSM8787485_neuron2025.h5ad
CHRNA4,0.3,0.0041,1.3909,22.2967,14.16,0.1113,0.7862,23.3282,18.79,0.1386,0.7374,23.4272,"iPSC-Neuron, Day 21",GSM8787485,GSM8787485_neuron2025.h5ad
CHRNB1,0.4,0.0059,1.4911,30.5692,17.73,0.1407,0.7932,30.409,23.49,0.1738,0.7398,30.4898,"iPSC-Neuron, Day 21",GSM8787485,GSM8787485_neuron2025.h5ad
CHRNB2,0.18,0.0026,1.4705,12.4003,8.07,0.0628,0.7783,12.2221,10.53,0.0732,0.6951,12.0637,"iPSC-Neuron, Day 21",GSM8787485,GSM8787485_neuron2025.h5ad
CITED2,1.38,0.0299,2.1659,165.1954,49.48,0.6125,1.2379,162.3441,64,0.7409,1.1577,162.7455,"iPSC-Neuron, Day 21",GSM8787485,GSM8787485_neuron2025.h5ad
CLCN6,0.47,0.0069,1.4725,37.8002,21.99,0.1895,0.8619,39.6569,28.76,0.2268,0.7883,39.4028,"iPSC-Neuron, Day 21",GSM8787485,GSM8787485_neuron2025.h5ad
CLCN7,0.1,0.0013,1.254,7.0355,5.22,0.0405,0.7765,7.5847,6.93,0.0506,0.7309,7.6072,"iPSC-Neuron, Day 21",GSM8787485,GSM8787485_neuron2025.h5ad
CNNM2,0.34,0.005,1.5032,24.7538,15.16,0.1245,0.8211,24.6393,20.04,0.1535,0.766,24.6552,"iPSC-Neuron, Day 21",GSM8787485,GSM8787485_neuron2025.h5ad
CNOT3,0.31,0.005,1.5775,22.5475,13.57,0.1096,0.8082,21.3508,17.83,0.1324,0.7423,21.2489,"iPSC-Neuron, Day 21",GSM8787485,GSM8787485_neuron2025.h5ad
COCH,0.84,0.0151,1.8098,72.3527,33.42,0.3181,0.9516,68.3594,43.61,0.3809,0.8735,68.0422,"iPSC-Neuron, Day 21",GSM8787485,GSM8787485_neuron2025.h5ad
COL10A1,0,0,0.7436,0.034,0.03,0.0002,0.7436,0.0433,0.04,0.0003,0.7436,0.0445,"iPSC-Neuron, Day 21",GSM8787485,GSM8787485_neuron2025.h5ad
COL11A1,0.07,0.0011,1.5754,5.5008,3.24,0.0341,1.0516,5.7698,4.12,0.0385,0.9352,5.5567,"iPSC-Neuron, Day 21",GSM8787485,GSM8787485_neuron2025.h5ad
COL11A2,0.02,0.0003,1.5822,1.2286,0.88,0.0082,0.9249,1.2298,1.13,0.0091,0.8077,1.178,"iPSC-Neuron, Day 21",GSM8787485,GSM8787485_neuron2025.h5ad
COL1A2,0.01,0.0002,1.2903,1.1435,0.73,0.0056,0.7732,1.2244,0.97,0.007,0.7275,1.2336,"iPSC-Neuron, Day 21",GSM8787485,GSM8787485_neuron2025.h5ad
COL4A3,0.01,0.0001,1.0743,0.7227,0.59,0.0044,0.7561,0.8181,0.78,0.0056,0.7179,0.8224,"iPSC-Neuron, Day 21",GSM8787485,GSM8787485_neuron2025.h5ad
COL4A4,0.02,0.0002,1.0376,1.2626,1.04,0.0077,0.7362,1.4736,1.39,0.0097,0.6998,1.4836,"iPSC-Neuron, Day 21",GSM8787485,GSM8787485_neuron2025.h5ad
COL5A2,0.02,0.0003,1.5613,1.6026,0.99,0.0087,0.878,1.6307,1.29,0.0102,0.7938,1.6059,"iPSC-Neuron, Day 21",GSM8787485,GSM8787485_neuron2025.h5ad
COL6A1,1.14,0.0219,1.9276,119.3777,46.07,0.511,1.1092,120.6285,59.61,0.6111,1.0251,120.2476,"iPSC-Neuron, Day 21",GSM8787485,GSM8787485_neuron2025.h5ad
COL6A2,0.03,0.0004,1.4368,1.913,1.33,0.0114,0.8572,1.9828,1.77,0.0146,0.8231,2.0004,"iPSC-Neuron, Day 21",GSM8787485,GSM8787485_neuron2025.h5ad
COL6A3,0.03,0.0004,1.169,2.2786,1.8,0.0135,0.7495,2.5842,2.39,0.0169,0.7074,2.595,"iPSC-Neuron, Day 21",GSM8787485,GSM8787485_neuron2025.h5ad
COMP,0.01,0.0001,1.0455,0.8247,0.69,0.0054,0.7769,0.9535,0.92,0.0068,0.7339,0.9558,"iPSC-Neuron, Day 21",GSM8787485,GSM8787485_neuron2025.h5ad
CPOX,0.2,0.003,1.4957,13.8966,8.87,0.0708,0.7988,13.4844,11.7,0.0863,0.7377,13.4417,"iPSC-Neuron, Day 21",GSM8787485,GSM8787485_neuron2025.h5ad
CRX,0.04,0.0004,0.997,2.3636,2.02,0.0157,0.7787,2.8063,2.68,0.0196,0.7328,2.8117,"iPSC-Neuron, Day 21",GSM8787485,GSM8787485_neuron2025.h5ad
CSDE1,3.17,0.0959,3.0298,641.9878,75.06,1.5529,2.0688,634.413,90.61,1.7769,1.9609,635.351,"iPSC-Neuron, Day 21",GSM8787485,GSM8787485_neuron2025.h5ad
CSNK2A1,1.35,0.0269,1.99,165.9904,54.75,0.6693,1.2225,173.8565,71.22,0.8197,1.1508,174.5702,"iPSC-Neuron, Day 21",GSM8787485,GSM8787485_neuron2025.h5ad
CSNK2B,1.61,0.0364,2.2672,203.9011,55.67,0.7118,1.2786,200.4895,71.59,0.852,1.19,200.9369,"iPSC-Neuron, Day 21",GSM8787485,GSM8787485_neuron2025.h5ad
CSRP3,0,0,0.9592,0.0595,0.05,0.0004,0.7723,0.0704,0.07,0.0005,0.7723,0.0722,"iPSC-Neuron, Day 21",GSM8787485,GSM8787485_neuron2025.h5ad
CTLA4,0,0,1.179,0.0255,0.02,0.0002,0.7832,0.0271,0.03,0.0002,0.7832,0.0278,"iPSC-Neuron, Day 21",GSM8787485,GSM8787485_neuron2025.h5ad
CTNND1,0.28,0.0033,1.1583,21.336,15.32,0.1334,0.8706,24.8885,20.27,0.1663,0.8203,24.933,"iPSC-Neuron, Day 21",GSM8787485,GSM8787485_neuron2025.h5ad
CTR9,0.71,0.0111,1.5722,62.3543,31.96,0.2963,0.9272,64.5725,42.05,0.3637,0.8649,64.6192,"iPSC-Neuron, Day 21",GSM8787485,GSM8787485_neuron2025.h5ad
CUX2,0.3,0.0042,1.3996,22.4455,14.51,0.123,0.8474,23.4962,19.21,0.1528,0.7953,23.5216,"iPSC-Neuron, Day 21",GSM8787485,GSM8787485_neuron2025.h5ad
CXCR4,0.01,0.0001,1.6201,0.9395,0.41,0.0046,1.1419,1.0564,0.54,0.0059,1.099,1.0669,"iPSC-Neuron, Day 21",GSM8787485,GSM8787485_neuron2025.h5ad
CYFIP2,1.38,0.0284,2.0593,161.5438,53.43,0.6377,1.1934,163.8069,69.29,0.7732,1.1158,164.1958,"iPSC-Neuron, Day 21",GSM8787485,GSM8787485_neuron2025.h5ad
DCC,0.55,0.0087,1.5884,51.6799,25.72,0.2639,1.0262,55.7147,33.91,0.3293,0.9711,55.9674,"iPSC-Neuron, Day 21",GSM8787485,GSM8787485_neuron2025.h5ad
DCTN1,1.69,0.041,2.4231,227.8132,57.34,0.7737,1.3494,225.6326,73.07,0.9134,1.25,225.5088,"iPSC-Neuron, Day 21",GSM8787485,GSM8787485_neuron2025.h5ad
DDR2,0.02,0.0002,1.0746,1.118,0.86,0.0062,0.7221,1.2677,1.15,0.0081,0.7021,1.2892,"iPSC-Neuron, Day 21",GSM8787485,GSM8787485_neuron2025.h5ad
DES,0,0,1.4029,0.0808,0.05,0.0003,0.6728,0.0758,0.06,0.0003,0.5206,0.0722,"iPSC-Neuron, Day 21",GSM8787485,GSM8787485_neuron2025.h5ad
DHX30,0.86,0.0146,1.6957,79.8218,37.41,0.3592,0.9602,81.3617,49.22,0.4423,0.8987,81.6228,"iPSC-Neuron, Day 21",GSM8787485,GSM8787485_neuron2025.h5ad
DIAPH1,0.31,0.0042,1.3374,23.487,15.28,0.1225,0.8018,24.8885,20.26,0.1521,0.7508,24.9497,"iPSC-Neuron, Day 21",GSM8787485,GSM8787485_neuron2025.h5ad
DNAJB11,0.95,0.0171,1.8002,94.7727,39.64,0.399,1.0066,96.1626,52.06,0.4915,0.944,96.626,"iPSC-Neuron, Day 21",GSM8787485,GSM8787485_neuron2025.h5ad
DNAJB6,1.97,0.0484,2.463,270.0133,62.73,0.9042,1.4414,262.1907,79.67,1.0696,1.3426,262.2721,"iPSC-Neuron, Day 21",GSM8787485,GSM8787485_neuron2025.h5ad
DNAJC5,0.45,0.0076,1.7007,33.2686,18.26,0.1512,0.8277,30.3549,23.84,0.178,0.7467,30.0675,"iPSC-Neuron, Day 21",GSM8787485,GSM8787485_neuron2025.h5ad
DNM1,1.06,0.0188,1.778,109.0859,46.4,0.505,1.0884,115.1242,60.31,0.6111,1.0132,115.0354,"iPSC-Neuron, Day 21",GSM8787485,GSM8787485_neuron2025.h5ad
DNM1L,1.41,0.0285,2.0271,174.2204,56.45,0.7035,1.2463,181.4737,73.14,0.856,1.1704,181.9829,"iPSC-Neuron, Day 21",GSM8787485,GSM8787485_neuron2025.h5ad
DNM2,0.41,0.0063,1.5388,31.1771,18.82,0.1684,0.8945,31.7093,24.67,0.2042,0.8277,31.5289,"iPSC-Neuron, Day 21",GSM8787485,GSM8787485_neuron2025.h5ad
DPF2,0.59,0.009,1.5176,48.5936,27.21,0.2445,0.8987,50.4488,35.8,0.2994,0.8364,50.4051,"iPSC-Neuron, Day 21",GSM8787485,GSM8787485_neuron2025.h5ad
DSC2,0.11,0.0017,1.4826,8.1067,5.23,0.046,0.8785,8.0668,6.89,0.0564,0.8192,8.0295,"iPSC-Neuron, Day 21",GSM8787485,GSM8787485_neuron2025.h5ad
DSPP,0,0,1.633,0.0808,0.06,0.0005,0.9027,0.0867,0.07,0.0005,0.672,0.0778,"iPSC-Neuron, Day 21",GSM8787485,GSM8787485_neuron2025.h5ad
EED,0.25,0.0036,1.4173,18.0627,11.95,0.0983,0.8224,18.3657,15.75,0.1198,0.7608,18.2928,"iPSC-Neuron, Day 21",GSM8787485,GSM8787485_neuron2025.h5ad
EEF1A2,1.66,0.0393,2.3594,212.1099,55.86,0.7272,1.3017,207.0448,71.52,0.8644,1.2086,207.2771,"iPSC-Neuron, Day 21",GSM8787485,GSM8787485_neuron2025.h5ad
EFEMP1,0.02,0.0003,1.5767,1.1308,0.75,0.0067,0.894,1.0944,0.99,0.0083,0.8362,1.0891,"iPSC-Neuron, Day 21",GSM8787485,GSM8787485_neuron2025.h5ad
EGFR,0.06,0.0007,1.1973,4.2,2.93,0.0207,0.7072,4.5616,3.87,0.0252,0.6493,4.5565,"iPSC-Neuron, Day 21",GSM8787485,GSM8787485_neuron2025.h5ad
EGR2,0,0,1.2615,0.0553,0.04,0.0002,0.6175,0.0542,0.05,0.0003,0.6175,0.0556,"iPSC-Neuron, Day 21",GSM8787485,GSM8787485_neuron2025.h5ad
EIF2S3,1.06,0.02,1.8856,103.041,42.47,0.438,1.0313,100.8596,55.33,0.5278,0.954,100.7657,"iPSC-Neuron, Day 21",GSM8787485,GSM8787485_neuron2025.h5ad
ELANE,0,0,0,0,0,0,0,0,0,0,0,0,"iPSC-Neuron, Day 21",GSM8787485,GSM8787485_neuron2025.h5ad
ELOVL4,1.36,0.0282,2.0638,166.1391,51.68,0.6199,1.1994,167.3879,67.11,0.7532,1.1223,167.9966,"iPSC-Neuron, Day 21",GSM8787485,GSM8787485_neuron2025.h5ad
ELP4,0.28,0.0041,1.4882,20.2094,12.61,0.1034,0.82,19.8555,16.67,0.1274,0.7642,19.8375,"iPSC-Neuron, Day 21",GSM8787485,GSM8787485_neuron2025.h5ad
EMC1,0.39,0.0056,1.4148,29.7445,19.02,0.1648,0.8665,31.5738,25.05,0.2017,0.8053,31.4955,"iPSC-Neuron, Day 21",GSM8787485,GSM8787485_neuron2025.h5ad
EPCAM,0.24,0.0037,1.55,18.8449,10.56,0.0887,0.8401,18.8045,13.92,0.1083,0.778,18.804,"iPSC-Neuron, Day 21",GSM8787485,GSM8787485_neuron2025.h5ad
EPHB4,0.11,0.001,0.9078,7.9494,6.48,0.0517,0.7973,9.8546,8.7,0.0675,0.7749,9.991,"iPSC-Neuron, Day 21",GSM8787485,GSM8787485_neuron2025.h5ad
ETS1,0.02,0.0002,1.0144,1.3221,1.1,0.0082,0.7448,1.544,1.48,0.0105,0.7087,1.5559,"iPSC-Neuron, Day 21",GSM8787485,GSM8787485_neuron2025.h5ad
EZH2,0.22,0.0034,1.5259,16.3835,10.26,0.0917,0.8935,16.3016,13.57,0.1139,0.8393,16.2868,"iPSC-Neuron, Day 21",GSM8787485,GSM8787485_neuron2025.h5ad
F11,0,0,1.1469,0.0765,0.06,0.0006,0.873,0.0867,0.08,0.0006,0.7561,0.0834,"iPSC-Neuron, Day 21",GSM8787485,GSM8787485_neuron2025.h5ad
F12,0.42,0.0064,1.5119,33.3197,19.03,0.1551,0.815,33.5621,25.23,0.193,0.7649,33.7238,"iPSC-Neuron, Day 21",GSM8787485,GSM8787485_neuron2025.h5ad
F2,0,0,0.8027,0.0128,0.01,0.0001,0.8027,0.0163,0.02,0.0001,0.8027,0.0167,"iPSC-Neuron, Day 21",GSM8787485,GSM8787485_neuron2025.h5ad
F5,0.18,0.0016,0.8853,12.8679,10.27,0.0783,0.7628,15.8953,13.75,0.1011,0.7355,16.0812,"iPSC-Neuron, Day 21",GSM8787485,GSM8787485_neuron2025.h5ad
FAM111B,0.17,0.0016,0.9962,11.6138,9.28,0.0727,0.7829,13.972,12.4,0.0929,0.749,14.0863,"iPSC-Neuron, Day 21",GSM8787485,GSM8787485_neuron2025.h5ad
FAR1,0.79,0.0141,1.7711,68.2674,32.49,0.3092,0.9517,65.228,42.12,0.3639,0.8639,64.6303,"iPSC-Neuron, Day 21",GSM8787485,GSM8787485_neuron2025.h5ad
FBLN5,0.01,0.0001,1.3924,0.4209,0.29,0.002,0.6977,0.4009,0.38,0.0025,0.6441,0.4001,"iPSC-Neuron, Day 21",GSM8787485,GSM8787485_neuron2025.h5ad
FBXO38,0.31,0.0044,1.4213,22.8451,14.68,0.1232,0.8395,23.7291,19.23,0.1478,0.7686,23.5494,"iPSC-Neuron, Day 21",GSM8787485,GSM8787485_neuron2025.h5ad
FGA,0,0,0,0,0,0,0,0,0,0,0,0,"iPSC-Neuron, Day 21",GSM8787485,GSM8787485_neuron2025.h5ad
FGB,0.01,0.0001,1.0582,0.3528,0.31,0.0025,0.8044,0.428,0.41,0.0031,0.7544,0.4279,"iPSC-Neuron, Day 21",GSM8787485,GSM8787485_neuron2025.h5ad
FGF12,1.1,0.0216,1.9593,133.8993,44.07,0.5,1.1344,137.8999,57.12,0.6013,1.0527,138.2292,"iPSC-Neuron, Day 21",GSM8787485,GSM8787485_neuron2025.h5ad
FGF8,0.01,0.0002,1.4645,0.6972,0.49,0.0045,0.9245,0.6935,0.64,0.0055,0.8642,0.689,"iPSC-Neuron, Day 21",GSM8787485,GSM8787485_neuron2025.h5ad
FGF9,0.67,0.0106,1.579,60.2075,30.22,0.2762,0.9142,62.4813,39.9,0.3427,0.8589,62.7577,"iPSC-Neuron, Day 21",GSM8787485,GSM8787485_neuron2025.h5ad
FGFR2,0.04,0.0004,0.9771,2.929,2.49,0.0197,0.7918,3.5106,3.31,0.0247,0.7462,3.5174,"iPSC-Neuron, Day 21",GSM8787485,GSM8787485_neuron2025.h5ad
FGFR3,0,0,0.9139,0.0723,0.06,0.0005,0.7536,0.0867,0.09,0.0006,0.7536,0.0889,"iPSC-Neuron, Day 21",GSM8787485,GSM8787485_neuron2025.h5ad
FGG,0,0,0,0,0,0,0,0,0,0,0,0,"iPSC-Neuron, Day 21",GSM8787485,GSM8787485_neuron2025.h5ad
FHOD3,0.45,0.0071,1.5673,35.0286,20.14,0.1746,0.8668,34.8406,26.42,0.2108,0.7979,34.6462,"iPSC-Neuron, Day 21",GSM8787485,GSM8787485_neuron2025.h5ad
FLI1,0.02,0.0002,0.9242,1.0883,0.95,0.0073,0.77,1.3165,1.25,0.0088,0.7039,1.3058,"iPSC-Neuron, Day 21",GSM8787485,GSM8787485_neuron2025.h5ad
FLT4,0.01,0.0001,1.2857,0.4889,0.37,0.0028,0.7659,0.5093,0.49,0.0034,0.699,0.5057,"iPSC-Neuron, Day 21",GSM8787485,GSM8787485_neuron2025.h5ad
FN1,0.03,0.0004,1.1168,2.5634,1.9,0.0166,0.8722,3.0555,2.52,0.0208,0.826,3.0673,"iPSC-Neuron, Day 21",GSM8787485,GSM8787485_neuron2025.h5ad
FOXA2,0,0,0.5922,0.0213,0.02,0.0001,0.5922,0.0271,0.03,0.0002,0.5922,0.0278,"iPSC-Neuron, Day 21",GSM8787485,GSM8787485_neuron2025.h5ad
FOXE3,0,0,1.2497,0.0213,0.02,0.0001,0.7315,0.0217,0.02,0.0002,0.7315,0.0222,"iPSC-Neuron, Day 21",GSM8787485,GSM8787485_neuron2025.h5ad
FOXJ1,0,0,1.1014,0.102,0.08,0.0006,0.7651,0.1138,0.11,0.0008,0.7651,0.1167,"iPSC-Neuron, Day 21",GSM8787485,GSM8787485_neuron2025.h5ad
FOXN1,0,0,0,0,0,0,0,0,0,0,0,0,"iPSC-Neuron, Day 21",GSM8787485,GSM8787485_neuron2025.h5ad
FTH1,7.82,0.3027,3.8724,2583.3401,92.09,2.9032,3.1526,2439.4956,96.82,2.9844,3.0823,2434.531,"iPSC-Neuron, Day 21",GSM8787485,GSM8787485_neuron2025.h5ad
FUS,2.26,0.0595,2.6386,390.5345,73.76,1.3034,1.7671,405.7736,91.93,1.5332,1.6677,405.3412,"iPSC-Neuron, Day 21",GSM8787485,GSM8787485_neuron2025.h5ad
FXYD2,0.01,0.0001,1.2259,0.3486,0.27,0.0024,0.8854,0.3847,0.34,0.0026,0.7456,0.3667,"iPSC-Neuron, Day 21",GSM8787485,GSM8787485_neuron2025.h5ad
GABBR2,1.05,0.0193,1.8343,116.7293,44.38,0.4795,1.0805,121.5603,57.96,0.585,1.0094,121.9369,"iPSC-Neuron, Day 21",GSM8787485,GSM8787485_neuron2025.h5ad
GABRA1,0.04,0.0004,0.9525,2.8354,2.34,0.0171,0.7281,3.3481,3.16,0.0224,0.7092,3.4007,"iPSC-Neuron, Day 21",GSM8787485,GSM8787485_neuron2025.h5ad
GABRB2,0.06,0.0008,1.3135,4.166,2.92,0.0255,0.8746,4.567,3.9,0.0329,0.8437,4.6065,"iPSC-Neuron, Day 21",GSM8787485,GSM8787485_neuron2025.h5ad
GABRB3,1.77,0.0412,2.3277,277.4951,64.38,0.9621,1.4944,292.085,82.7,1.1717,1.4168,293.951,"iPSC-Neuron, Day 21",GSM8787485,GSM8787485_neuron2025.h5ad
GABRD,0.07,0.0007,1.0598,4.5869,3.73,0.03,0.8044,5.3743,4.92,0.0367,0.7462,5.3511,"iPSC-Neuron, Day 21",GSM8787485,GSM8787485_neuron2025.h5ad
GABRG2,0.41,0.0055,1.3593,32.716,20.07,0.1772,0.8832,35.7562,26.51,0.2196,0.8286,35.8131,"iPSC-Neuron, Day 21",GSM8787485,GSM8787485_neuron2025.h5ad
GANAB,0.47,0.0062,1.3229,38.3656,23.32,0.1906,0.8173,42.1815,31.2,0.2447,0.7845,42.6979,"iPSC-Neuron, Day 21",GSM8787485,GSM8787485_neuron2025.h5ad
GARS1,1.56,0.0342,2.1885,191.994,57.08,0.7339,1.2859,191.0249,73.15,0.8722,1.1923,190.5792,"iPSC-Neuron, Day 21",GSM8787485,GSM8787485_neuron2025.h5ad
GBA1,0.12,0.0017,1.4034,8.4808,5.76,0.0433,0.7521,8.4948,7.64,0.0534,0.6992,8.5074,"iPSC-Neuron, Day 21",GSM8787485,GSM8787485_neuron2025.h5ad
GDAP1,1.8,0.0418,2.3234,242.6239,63.36,0.8991,1.419,242.4056,80.3,1.0567,1.3158,241.4844,"iPSC-Neuron, Day 21",GSM8787485,GSM8787485_neuron2025.h5ad
GDF2,0,0,0,0,0,0,0,0,0,0,0,0,"iPSC-Neuron, Day 21",GSM8787485,GSM8787485_neuron2025.h5ad
GFAP,0.02,0.0002,1.0449,1.1563,0.97,0.0076,0.7825,1.3598,1.3,0.0098,0.7526,1.3725,"iPSC-Neuron, Day 21",GSM8787485,GSM8787485_neuron2025.h5ad
GFI1B,0.04,0.0004,1.0028,2.8822,2.39,0.0183,0.7658,3.3752,3.17,0.0227,0.7151,3.3674,"iPSC-Neuron, Day 21",GSM8787485,GSM8787485_neuron2025.h5ad
GGCX,0.35,0.0053,1.5022,26.3947,16.4,0.1369,0.8346,26.9526,21.59,0.1667,0.772,26.889,"iPSC-Neuron, Day 21",GSM8787485,GSM8787485_neuron2025.h5ad
GJB3,0,0,1.8362,0.0085,0,0,0.5079,0.0054,0.01,0,0.5079,0.0056,"iPSC-Neuron, Day 21",GSM8787485,GSM8787485_neuron2025.h5ad
GJB6,0,0,0.736,0.1403,0.13,0.0009,0.736,0.1788,0.17,0.0011,0.6776,0.1778,"iPSC-Neuron, Day 21",GSM8787485,GSM8787485_neuron2025.h5ad
GLUD1,0.9,0.0152,1.6914,83.5797,39.47,0.3961,1.0035,86.27,51.63,0.4819,0.9335,86.2015,"iPSC-Neuron, Day 21",GSM8787485,GSM8787485_neuron2025.h5ad
GLUL,0.81,0.0146,1.7892,68.9859,33.27,0.3193,0.9599,65.9757,43.51,0.3862,0.8876,65.7583,"iPSC-Neuron, Day 21",GSM8787485,GSM8787485_neuron2025.h5ad
GMNN,0.18,0.0026,1.4242,13.3228,8.28,0.0626,0.7562,13.3111,10.97,0.077,0.7021,13.3306,"iPSC-Neuron, Day 21",GSM8787485,GSM8787485_neuron2025.h5ad
GNAI1,1.53,0.034,2.2243,183.968,53.86,0.6835,1.269,178.1798,69.14,0.8148,1.1785,178.0487,"iPSC-Neuron, Day 21",GSM8787485,GSM8787485_neuron2025.h5ad
GNAO1,2.56,0.073,2.8511,518.8862,71.86,1.3745,1.9128,535.119,88.84,1.6145,1.8173,537.6525,"iPSC-Neuron, Day 21",GSM8787485,GSM8787485_neuron2025.h5ad
GNAT1,0,0,0.9704,0.3061,0.26,0.0021,0.7919,0.363,0.35,0.0027,0.7639,0.3667,"iPSC-Neuron, Day 21",GSM8787485,GSM8787485_neuron2025.h5ad
GNB1,3.04,0.0908,2.9875,582.2181,73.93,1.4676,1.9851,572.2838,89.91,1.6876,1.877,573.3211,"iPSC-Neuron, Day 21",GSM8787485,GSM8787485_neuron2025.h5ad
GNB4,0.4,0.0062,1.5357,31.7,17.73,0.1463,0.8251,31.303,23.31,0.1769,0.7587,31.2288,"iPSC-Neuron, Day 21",GSM8787485,GSM8787485_neuron2025.h5ad
GP1BA,0,0,1.5533,0.0468,0.04,0.0004,1.1066,0.0488,0.05,0.0005,1.1066,0.05,"iPSC-Neuron, Day 21",GSM8787485,GSM8787485_neuron2025.h5ad
GREM1,0.28,0.0039,1.4107,19.9459,12.96,0.1057,0.816,20.4515,17.07,0.1289,0.7552,20.3932,"iPSC-Neuron, Day 21",GSM8787485,GSM8787485_neuron2025.h5ad
GRHL2,0.01,0.0001,1.0648,0.4676,0.37,0.0026,0.701,0.5147,0.5,0.0035,0.692,0.5223,"iPSC-Neuron, Day 21",GSM8787485,GSM8787485_neuron2025.h5ad
GRIA1,0.19,0.0027,1.4255,14.3388,9.35,0.0852,0.9117,15.3318,12.27,0.1038,0.846,15.2421,"iPSC-Neuron, Day 21",GSM8787485,GSM8787485_neuron2025.h5ad
GRIA2,0.82,0.0146,1.786,83.4309,36.09,0.4137,1.1463,87.7653,46.65,0.4952,1.0616,87.1017,"iPSC-Neuron, Day 21",GSM8787485,GSM8787485_neuron2025.h5ad
GRIA4,1.86,0.045,2.4256,307.7413,67.06,1.0879,1.6223,326.9744,84.43,1.2864,1.5236,326.5023,"iPSC-Neuron, Day 21",GSM8787485,GSM8787485_neuron2025.h5ad
GRIN1,0.09,0.0013,1.3913,6.3553,4.26,0.0333,0.7803,6.4957,5.65,0.041,0.7262,6.5014,"iPSC-Neuron, Day 21",GSM8787485,GSM8787485_neuron2025.h5ad
GRIN2D,0.06,0.0009,1.346,4.234,3.02,0.0221,0.7312,4.3341,4.04,0.028,0.6938,4.3676,"iPSC-Neuron, Day 21",GSM8787485,GSM8787485_neuron2025.h5ad
GRN,0.26,0.0034,1.3124,19.3337,12.71,0.0957,0.7532,20.614,16.97,0.1214,0.7152,20.7877,"iPSC-Neuron, Day 21",GSM8787485,GSM8787485_neuron2025.h5ad
GSDME,0.26,0.0036,1.4136,18.9129,12.01,0.0916,0.7629,19.3138,15.97,0.1146,0.7179,19.4152,"iPSC-Neuron, Day 21",GSM8787485,GSM8787485_neuron2025.h5ad
GUCA1A,0.02,0.0002,0.9699,1.5814,1.33,0.0098,0.7313,1.8637,1.79,0.0126,0.7034,1.8837,"iPSC-Neuron, Day 21",GSM8787485,GSM8787485_neuron2025.h5ad
GUCY2D,0.01,0.0001,0.9829,0.5399,0.42,0.0025,0.5953,0.6068,0.56,0.003,0.5351,0.6057,"iPSC-Neuron, Day 21",GSM8787485,GSM8787485_neuron2025.h5ad
H1-4,1,0.0213,2.13,85.8327,32.64,0.3261,0.9989,69.9305,41.55,0.3635,0.875,68.5478,"iPSC-Neuron, Day 21",GSM8787485,GSM8787485_neuron2025.h5ad
H3-3A,4.61,0.1553,3.3656,1014.0601,81,1.9768,2.4404,956.7608,92.81,2.1657,2.3333,955.2796,"iPSC-Neuron, Day 21",GSM8787485,GSM8787485_neuron2025.h5ad
H4C5,0.23,0.0054,2.3872,15.1039,5.55,0.0518,0.9331,8.121,6.79,0.0492,0.7253,7.5127,"iPSC-Neuron, Day 21",GSM8787485,GSM8787485_neuron2025.h5ad
HAND1,0,0,0,0,0,0,0,0,0,0,0,0,"iPSC-Neuron, Day 21",GSM8787485,GSM8787485_neuron2025.h5ad
HAND2,0,0,0.9746,0.0043,0,0,0.9746,0.0054,0.01,0.0001,0.9746,0.0056,"iPSC-Neuron, Day 21",GSM8787485,GSM8787485_neuron2025.h5ad
HBA1,0,0,1.2043,0.1105,0.07,0.0004,0.516,0.1084,0.1,0.0005,0.516,0.1111,"iPSC-Neuron, Day 21",GSM8787485,GSM8787485_neuron2025.h5ad
HBB,0,0,2.48,0.0128,0,0,0.5377,0.0054,0.01,0,0.5377,0.0056,"iPSC-Neuron, Day 21",GSM8787485,GSM8787485_neuron2025.h5ad
HCN1,0.42,0.0062,1.4601,38.3444,19.75,0.1716,0.869,40.8704,25.88,0.2068,0.799,40.8475,"iPSC-Neuron, Day 21",GSM8787485,GSM8787485_neuron2025.h5ad
HCN4,0.1,0.0013,1.2329,7.078,5.18,0.0389,0.7506,7.6388,6.87,0.0482,0.7011,7.6461,"iPSC-Neuron, Day 21",GSM8787485,GSM8787485_neuron2025.h5ad
HECW2,0.38,0.0054,1.4201,29.1664,18.27,0.1615,0.8837,30.8966,24.1,0.1993,0.8269,30.8621,"iPSC-Neuron, Day 21",GSM8787485,GSM8787485_neuron2025.h5ad
HEPACAM,0.01,0.0002,2.3325,0.6972,0.41,0.0036,0.8781,0.5797,0.52,0.0038,0.7347,0.5501,"iPSC-Neuron, Day 21",GSM8787485,GSM8787485_neuron2025.h5ad
HMGA2,0.08,0.0009,1.1771,5.8537,4.11,0.0331,0.8041,6.5607,5.49,0.0421,0.7669,6.6181,"iPSC-Neuron, Day 21",GSM8787485,GSM8787485_neuron2025.h5ad
HNRNPA2B1,4.98,0.1718,3.4464,1152.2614,87.37,2.259,2.5857,1083.533,97.97,2.4257,2.4761,1075.8662,"iPSC-Neuron, Day 21",GSM8787485,GSM8787485_neuron2025.h5ad
HNRNPD,2.65,0.0752,2.8348,475.8147,72.15,1.3266,1.8388,469.2192,88.9,1.5383,1.7304,469.5492,"iPSC-Neuron, Day 21",GSM8787485,GSM8787485_neuron2025.h5ad
HNRNPDL,3.66,0.1138,3.1078,679.0186,79.03,1.658,2.0978,631.948,93.47,1.8382,1.9666,628.0883,"iPSC-Neuron, Day 21",GSM8787485,GSM8787485_neuron2025.h5ad
HNRNPH1,1.89,0.0464,2.455,264.5975,63.9,0.9276,1.4516,264.4552,81.5,1.1086,1.3603,264.8337,"iPSC-Neuron, Day 21",GSM8787485,GSM8787485_neuron2025.h5ad
HNRNPR,2.29,0.0611,2.6649,391.6738,70.6,1.2134,1.7188,394.9059,88.62,1.4387,1.6235,395.8114,"iPSC-Neuron, Day 21",GSM8787485,GSM8787485_neuron2025.h5ad
HOMER2,0.55,0.0092,1.6854,43.6624,22.85,0.1983,0.8679,41.4881,29.92,0.2373,0.7932,41.2698,"iPSC-Neuron, Day 21",GSM8787485,GSM8787485_neuron2025.h5ad
HRAS,1.51,0.0338,2.2396,187.7514,53.15,0.6549,1.2321,185.0656,68.66,0.7882,1.148,185.6948,"iPSC-Neuron, Day 21",GSM8787485,GSM8787485_neuron2025.h5ad
HRG,0,0.0001,1.2468,0.3103,0.25,0.002,0.7918,0.3467,0.34,0.0027,0.7918,0.3556,"iPSC-Neuron, Day 21",GSM8787485,GSM8787485_neuron2025.h5ad
HSPB1,0.7,0.013,1.8517,73.0201,27.85,0.2639,0.9476,72.6502,36.55,0.3217,0.8802,73.071,"iPSC-Neuron, Day 21",GSM8787485,GSM8787485_neuron2025.h5ad
HSPB8,0.02,0.0002,1.0697,1.5431,0.99,0.0052,0.528,1.6524,1.34,0.0068,0.5093,1.6837,"iPSC-Neuron, Day 21",GSM8787485,GSM8787485_neuron2025.h5ad
HTT,0.6,0.0096,1.6057,48.7722,26.44,0.2423,0.9164,48.6068,34.39,0.2859,0.8315,48.0713,"iPSC-Neuron, Day 21",GSM8787485,GSM8787485_neuron2025.h5ad
IDH2,0.6,0.0103,1.7164,47.6116,24.94,0.219,0.8782,44.9607,32.74,0.2654,0.8109,44.8706,"iPSC-Neuron, Day 21",GSM8787485,GSM8787485_neuron2025.h5ad
IFIH1,0,0,2.3769,0.0255,0.01,0.0002,1.7844,0.0217,0.01,0.0001,1.1619,0.0167,"iPSC-Neuron, Day 21",GSM8787485,GSM8787485_neuron2025.h5ad
IFT140,0.18,0.0029,1.6123,12.5151,7.87,0.0658,0.8356,11.805,10.27,0.0775,0.7547,11.6469,"iPSC-Neuron, Day 21",GSM8787485,GSM8787485_neuron2025.h5ad
IGF2,0,0,0.8387,0.1743,0.15,0.0012,0.7773,0.2167,0.2,0.0015,0.7266,0.2167,"iPSC-Neuron, Day 21",GSM8787485,GSM8787485_neuron2025.h5ad
IKBKB,0.09,0.0011,1.1736,6.4658,4.97,0.0399,0.8018,7.2867,6.63,0.0506,0.7624,7.3127,"iPSC-Neuron, Day 21",GSM8787485,GSM8787485_neuron2025.h5ad
IKZF2,0.06,0.0007,1.1821,4.2,3,0.0216,0.7199,4.4641,3.98,0.0266,0.6689,4.4676,"iPSC-Neuron, Day 21",GSM8787485,GSM8787485_neuron2025.h5ad
IKZF3,0.08,0.0008,1.0302,5.267,4.37,0.0349,0.7977,6.2898,5.8,0.0436,0.751,6.2958,"iPSC-Neuron, Day 21",GSM8787485,GSM8787485_neuron2025.h5ad
IMPDH1,0.43,0.0067,1.5657,33.4429,18.65,0.1497,0.8029,32.7657,24.57,0.1818,0.7398,32.7514,"iPSC-Neuron, Day 21",GSM8787485,GSM8787485_neuron2025.h5ad
IMPG1,0,0.0001,1.2514,0.3018,0.21,0.0012,0.5613,0.2926,0.28,0.0016,0.5613,0.3001,"iPSC-Neuron, Day 21",GSM8787485,GSM8787485_neuron2025.h5ad
INF2,0.06,0.0007,1.1898,4.1235,3.07,0.0227,0.7408,4.5291,4.07,0.0282,0.6915,4.5343,"iPSC-Neuron, Day 21",GSM8787485,GSM8787485_neuron2025.h5ad
INS,0,0,0,0,0,0,0,0,0,0,0,0,"iPSC-Neuron, Day 21",GSM8787485,GSM8787485_neuron2025.h5ad
IRF2BPL,0.94,0.0156,1.6556,97.2766,42.58,0.4323,1.0152,104.7332,56.23,0.5415,0.9632,105.6057,"iPSC-Neuron, Day 21",GSM8787485,GSM8787485_neuron2025.h5ad
IRF4,0,0,0.9624,0.17,0.15,0.0011,0.7795,0.2005,0.18,0.0011,0.6099,0.1889,"iPSC-Neuron, Day 21",GSM8787485,GSM8787485_neuron2025.h5ad
ISL1,0.39,0.0111,2.8711,127.6077,10.52,0.2022,1.922,144.3089,12.79,0.2324,1.817,146.3031,"iPSC-Neuron, Day 21",GSM8787485,GSM8787485_neuron2025.h5ad
ITGA2B,0.03,0.0003,1.0952,1.7769,1.5,0.0124,0.8265,2.0858,1.96,0.0149,0.7587,2.0615,"iPSC-Neuron, Day 21",GSM8787485,GSM8787485_neuron2025.h5ad
ITGB3,0.03,0.0003,1.0519,2.0405,1.71,0.0141,0.8258,2.4217,2.25,0.0173,0.7679,2.4116,"iPSC-Neuron, Day 21",GSM8787485,GSM8787485_neuron2025.h5ad
ITPR1,0.06,0.0007,1.0781,4.1278,3.37,0.0276,0.8183,4.8217,4.5,0.0353,0.7835,4.851,"iPSC-Neuron, Day 21",GSM8787485,GSM8787485_neuron2025.h5ad
JAK1,1.1,0.0205,1.8645,120.1599,45.61,0.4987,1.0934,123.2669,59.82,0.616,1.0299,123.9095,"iPSC-Neuron, Day 21",GSM8787485,GSM8787485_neuron2025.h5ad
JPH2,0.02,0.0003,1.1407,1.5771,1.28,0.0102,0.7975,1.8041,1.71,0.0129,0.7572,1.8115,"iPSC-Neuron, Day 21",GSM8787485,GSM8787485_neuron2025.h5ad
KBTBD13,0,0,0,0,0,0,0,0,0,0,0,0,"iPSC-Neuron, Day 21",GSM8787485,GSM8787485_neuron2025.h5ad
KCNA1,0.15,0.0021,1.3759,13.3483,7.01,0.052,0.7421,14.1779,9.31,0.0647,0.6947,14.3086,"iPSC-Neuron, Day 21",GSM8787485,GSM8787485_neuron2025.h5ad
KCNA2,0.41,0.0064,1.5754,31.7765,17.82,0.1475,0.828,31.0375,23.42,0.1782,0.7607,30.9399,"iPSC-Neuron, Day 21",GSM8787485,GSM8787485_neuron2025.h5ad
KCNB1,0.72,0.0109,1.5243,65.8784,33.71,0.3157,0.9363,70.7377,44.73,0.398,0.8898,71.2762,"iPSC-Neuron, Day 21",GSM8787485,GSM8787485_neuron2025.h5ad
KCNC1,0.39,0.0055,1.3942,30.1441,19,0.1623,0.8539,32.0397,25.21,0.2032,0.8059,32.1568,"iPSC-Neuron, Day 21",GSM8787485,GSM8787485_neuron2025.h5ad
KCNC2,0.31,0.0051,1.6485,24.2692,13.15,0.1118,0.85,23.3174,17.22,0.1339,0.7777,23.1938,"iPSC-Neuron, Day 21",GSM8787485,GSM8787485_neuron2025.h5ad
KCNC3,0.34,0.0048,1.4156,25.553,16.01,0.1294,0.8084,26.3729,21.26,0.1619,0.7616,26.5056,"iPSC-Neuron, Day 21",GSM8787485,GSM8787485_neuron2025.h5ad
KCNH1,0.35,0.0047,1.3534,28.1546,17.29,0.1526,0.8822,30.9346,22.74,0.1862,0.8189,30.8565,"iPSC-Neuron, Day 21",GSM8787485,GSM8787485_neuron2025.h5ad
KCNH5,0.19,0.0027,1.3996,14.5683,9.32,0.0858,0.9206,15.7057,12.3,0.1066,0.8665,15.6978,"iPSC-Neuron, Day 21",GSM8787485,GSM8787485_neuron2025.h5ad
KCNJ11,0.02,0.0002,1.1834,1.2626,0.98,0.007,0.7177,1.3707,1.3,0.0088,0.6755,1.3725,"iPSC-Neuron, Day 21",GSM8787485,GSM8787485_neuron2025.h5ad
KCNJ2,0.07,0.0009,1.2268,5.6539,3.49,0.0244,0.7008,6.1165,4.59,0.0289,0.6296,6.1013,"iPSC-Neuron, Day 21",GSM8787485,GSM8787485_neuron2025.h5ad
KCNJ5,0.06,0.0006,1.0585,3.8132,3.12,0.0242,0.7757,4.4533,4.13,0.0298,0.7221,4.4454,"iPSC-Neuron, Day 21",GSM8787485,GSM8787485_neuron2025.h5ad
KCNK3,0.31,0.0037,1.1978,23.572,15.86,0.1261,0.7949,26.4217,21.14,0.1597,0.7553,26.6278,"iPSC-Neuron, Day 21",GSM8787485,GSM8787485_neuron2025.h5ad
KCNK4,0.08,0.0011,1.3139,5.8027,4.05,0.0287,0.71,5.9756,5.37,0.0354,0.6588,5.9846,"iPSC-Neuron, Day 21",GSM8787485,GSM8787485_neuron2025.h5ad
KCNMA1,0.75,0.0116,1.5424,74.2104,35.43,0.3456,0.9753,80.9012,46.52,0.424,0.9116,81.0894,"iPSC-Neuron, Day 21",GSM8787485,GSM8787485_neuron2025.h5ad
KCNQ3,0.1,0.0014,1.3751,7.8049,5.12,0.0446,0.8715,8.3377,6.82,0.0567,0.8313,8.3962,"iPSC-Neuron, Day 21",GSM8787485,GSM8787485_neuron2025.h5ad
KCNQ4,0,0.0001,1.2378,0.3146,0.25,0.0016,0.6396,0.3413,0.33,0.0019,0.5705,0.339,"iPSC-Neuron, Day 21",GSM8787485,GSM8787485_neuron2025.h5ad
KCNT1,0.04,0.0004,1.0947,2.7334,2.05,0.0135,0.6601,2.9526,2.76,0.0178,0.645,3.0062,"iPSC-Neuron, Day 21",GSM8787485,GSM8787485_neuron2025.h5ad
KDF1,0,0,0.7953,0.0128,0.01,0.0001,0.7953,0.0163,0.02,0.0001,0.7953,0.0167,"iPSC-Neuron, Day 21",GSM8787485,GSM8787485_neuron2025.h5ad
KDM3B,0.52,0.0081,1.5389,41.3924,23.64,0.2043,0.8643,41.6723,31.28,0.2537,0.8109,41.7644,"iPSC-Neuron, Day 21",GSM8787485,GSM8787485_neuron2025.h5ad
KDM4B,0.58,0.0082,1.4161,49.2058,27.92,0.2461,0.8814,53.3418,36.89,0.3051,0.8269,53.5446,"iPSC-Neuron, Day 21",GSM8787485,GSM8787485_neuron2025.h5ad
KDR,0,0,0.7396,0.0043,0,0,0.7396,0.0054,0.01,0,0.7396,0.0056,"iPSC-Neuron, Day 21",GSM8787485,GSM8787485_neuron2025.h5ad
KIDINS220,3.31,0.1069,3.232,949.0149,80.58,2.0057,2.489,1019.3397,96.47,2.3413,2.4269,1026.9559,"iPSC-Neuron, Day 21",GSM8787485,GSM8787485_neuron2025.h5ad
KIF1A,2.18,0.0583,2.68,462.1688,74.31,1.4027,1.8877,505.9994,92.57,1.6648,1.7984,507.8128,"iPSC-Neuron, Day 21",GSM8787485,GSM8787485_neuron2025.h5ad
KIF21A,3.1,0.0957,3.0909,778.5779,79.07,1.7699,2.2385,817.0406,94.93,2.0353,2.1439,819.9288,"iPSC-Neuron, Day 21",GSM8787485,GSM8787485_neuron2025.h5ad
KIF5A,2.01,0.0512,2.5463,305.0164,65.35,1.0058,1.539,306.4471,81.95,1.1717,1.4298,305.9369,"iPSC-Neuron, Day 21",GSM8787485,GSM8787485_neuron2025.h5ad
KLF13,0.59,0.0093,1.5616,50.107,26.69,0.2367,0.8866,51.1097,35.19,0.2909,0.8266,51.183,"iPSC-Neuron, Day 21",GSM8787485,GSM8787485_neuron2025.h5ad
KLHL20,0.43,0.006,1.4099,33.7107,20.16,0.1645,0.8161,35.1386,26.82,0.2071,0.7722,35.3575,"iPSC-Neuron, Day 21",GSM8787485,GSM8787485_neuron2025.h5ad
KRAS,1.54,0.0335,2.1765,205.2912,56.93,0.7396,1.2991,208.8218,73.49,0.8952,1.2181,209.5776,"iPSC-Neuron, Day 21",GSM8787485,GSM8787485_neuron2025.h5ad
LITAF,0.16,0.0022,1.3533,12.8381,7.5,0.0556,0.7421,13.4953,9.92,0.0679,0.6849,13.5362,"iPSC-Neuron, Day 21",GSM8787485,GSM8787485_neuron2025.h5ad
LMX1A,0,0,3.2629,0.0043,0,0,0,0,0,0,0,0,"iPSC-Neuron, Day 21",GSM8787485,GSM8787485_neuron2025.h5ad
LOX,0,0,1.5565,0.051,0.04,0.0003,0.9313,0.0488,0.04,0.0003,0.6987,0.0445,"iPSC-Neuron, Day 21",GSM8787485,GSM8787485_neuron2025.h5ad
LRP12,0.59,0.0088,1.4963,49.1505,27.6,0.2512,0.9103,51.749,36.43,0.3108,0.8531,51.8165,"iPSC-Neuron, Day 21",GSM8787485,GSM8787485_neuron2025.h5ad
LRRK2,0.04,0.0006,1.2997,2.9247,2.16,0.0178,0.8214,3.1043,2.87,0.0223,0.7758,3.1118,"iPSC-Neuron, Day 21",GSM8787485,GSM8787485_neuron2025.h5ad
LRSAM1,0.49,0.0072,1.4754,39.3731,22.7,0.1909,0.8409,40.8109,29.93,0.2336,0.7804,40.8086,"iPSC-Neuron, Day 21",GSM8787485,GSM8787485_neuron2025.h5ad
LZTR1,0.24,0.0038,1.5938,16.9914,10.64,0.0939,0.8829,16.3178,13.8,0.1097,0.795,16.0201,"iPSC-Neuron, Day 21",GSM8787485,GSM8787485_neuron2025.h5ad
MAB21L2,0.23,0.0045,1.9638,20.2009,8.48,0.0828,0.9758,18.084,11.06,0.0992,0.8969,18.026,"iPSC-Neuron, Day 21",GSM8787485,GSM8787485_neuron2025.h5ad
MACF1,1.81,0.0434,2.395,332.5121,70.66,1.1835,1.6751,367.4332,89.78,1.4298,1.5926,368.6501,"iPSC-Neuron, Day 21",GSM8787485,GSM8787485_neuron2025.h5ad
MAGEL2,0.26,0.0034,1.3013,19.5973,12.79,0.0978,0.7644,20.8307,17.03,0.1227,0.7208,20.96,"iPSC-Neuron, Day 21",GSM8787485,GSM8787485_neuron2025.h5ad
MAP1B,9.64,0.4217,4.3747,6594.9868,98.37,4.0721,4.1394,7008.6484,99.88,4.2296,4.2346,7055.2905,"iPSC-Neuron, Day 21",GSM8787485,GSM8787485_neuron2025.h5ad
MAP2K1,0.39,0.0061,1.5474,30.3524,17.41,0.14,0.8039,30.0352,22.92,0.1693,0.7385,29.9897,"iPSC-Neuron, Day 21",GSM8787485,GSM8787485_neuron2025.h5ad
MAP2K2,1.15,0.0224,1.9556,122.2939,44.79,0.4753,1.061,122.0154,58.43,0.5772,0.9879,122.437,"iPSC-Neuron, Day 21",GSM8787485,GSM8787485_neuron2025.h5ad
MAPK8IP3,0.49,0.008,1.6297,38.4762,21.68,0.1909,0.8804,38.1887,28.28,0.2266,0.8015,37.8358,"iPSC-Neuron, Day 21",GSM8787485,GSM8787485_neuron2025.h5ad
MATR3,3.68,0.1209,3.2878,1039.6385,80.04,2.0132,2.5154,1093.3713,94.94,2.3257,2.4497,1101.6439,"iPSC-Neuron, Day 21",GSM8787485,GSM8787485_neuron2025.h5ad
MDM4,0.82,0.0136,1.6539,75.507,37.01,0.3709,1.0019,78.382,48.52,0.4541,0.9358,78.3054,"iPSC-Neuron, Day 21",GSM8787485,GSM8787485_neuron2025.h5ad
MECOM,0,0.0001,1.453,0.3146,0.25,0.0021,0.8358,0.3521,0.33,0.0024,0.7425,0.3445,"iPSC-Neuron, Day 21",GSM8787485,GSM8787485_neuron2025.h5ad
MED12L,0.26,0.0034,1.2983,19.2402,12.93,0.1052,0.8138,20.7603,17.08,0.1294,0.7577,20.7433,"iPSC-Neuron, Day 21",GSM8787485,GSM8787485_neuron2025.h5ad
MED13,0.76,0.0113,1.4965,69.2579,35.71,0.3355,0.9395,74.4813,47.16,0.4175,0.8854,74.8603,"iPSC-Neuron, Day 21",GSM8787485,GSM8787485_neuron2025.h5ad
MEFV,0.01,0.0001,1.0561,0.8332,0.7,0.0055,0.7845,0.986,0.94,0.0071,0.7518,0.9947,"iPSC-Neuron, Day 21",GSM8787485,GSM8787485_neuron2025.h5ad
MESP1,0.19,0.0028,1.515,13.4248,8.38,0.0641,0.7646,13.0619,11.15,0.0801,0.7187,13.1194,"iPSC-Neuron, Day 21",GSM8787485,GSM8787485_neuron2025.h5ad
MET,0.04,0.0004,1.0299,2.8822,1.91,0.0123,0.6419,3.2506,2.55,0.0153,0.6009,3.2785,"iPSC-Neuron, Day 21",GSM8787485,GSM8787485_neuron2025.h5ad
MFAP5,0.03,0.0003,1.0694,1.7259,1.45,0.0119,0.8239,2.037,1.88,0.0139,0.7403,2.0004,"iPSC-Neuron, Day 21",GSM8787485,GSM8787485_neuron2025.h5ad
MFN2,0.61,0.0105,1.7237,48.6787,25.08,0.2227,0.8879,45.9901,32.79,0.2667,0.8131,45.7374,"iPSC-Neuron, Day 21",GSM8787485,GSM8787485_neuron2025.h5ad
MIR96,0,0,0,0,0,0,0,0,0,0,0,0,"iPSC-Neuron, Day 21",GSM8787485,GSM8787485_neuron2025.h5ad
MORC2,0.7,0.0122,1.745,57.0872,29.04,0.2768,0.953,54.2899,37.71,0.3271,0.8675,53.6836,"iPSC-Neuron, Day 21",GSM8787485,GSM8787485_neuron2025.h5ad
MPL,0.01,0.0001,1.0756,0.3996,0.34,0.0025,0.7362,0.4659,0.45,0.0031,0.6938,0.4668,"iPSC-Neuron, Day 21",GSM8787485,GSM8787485_neuron2025.h5ad
MPZ,0.02,0.0002,1.1891,1.1308,0.88,0.0066,0.7561,1.2406,1.15,0.0078,0.679,1.2225,"iPSC-Neuron, Day 21",GSM8787485,GSM8787485_neuron2025.h5ad
MRAS,0.85,0.0148,1.7452,76.7823,35.31,0.3317,0.9395,75.2127,46.45,0.4077,0.8776,75.4104,"iPSC-Neuron, Day 21",GSM8787485,GSM8787485_neuron2025.h5ad
MSX2,0,0,0,0,0,0,0,0,0,0,0,0,"iPSC-Neuron, Day 21",GSM8787485,GSM8787485_neuron2025.h5ad
MTAP,0.47,0.0069,1.48,37.9533,21.61,0.1844,0.8532,38.9905,28.53,0.2272,0.7962,39.0416,"iPSC-Neuron, Day 21",GSM8787485,GSM8787485_neuron2025.h5ad
MTOR,0.55,0.0085,1.5428,45.0015,25.36,0.2244,0.885,46.3422,33.37,0.2745,0.8226,46.2876,"iPSC-Neuron, Day 21",GSM8787485,GSM8787485_neuron2025.h5ad
MUC1,0.02,0.0002,1.346,1.0543,0.82,0.0078,0.9457,1.1648,1.08,0.0096,0.8828,1.1502,"iPSC-Neuron, Day 21",GSM8787485,GSM8787485_neuron2025.h5ad
MYH10,1.62,0.0359,2.2125,226.5847,62.35,0.8682,1.3926,237.015,79.88,1.0438,1.3067,237.3501,"iPSC-Neuron, Day 21",GSM8787485,GSM8787485_neuron2025.h5ad
MYH11,0.11,0.0011,1.0582,7.3841,5.9,0.0469,0.7939,8.6844,7.87,0.0596,0.7568,8.7463,"iPSC-Neuron, Day 21",GSM8787485,GSM8787485_neuron2025.h5ad
MYH14,0.01,0.0001,1.2218,0.4719,0.37,0.0029,0.795,0.5147,0.49,0.0037,0.7491,0.5168,"iPSC-Neuron, Day 21",GSM8787485,GSM8787485_neuron2025.h5ad
MYH2,0,0,0,0,0,0,0,0,0,0,0,0,"iPSC-Neuron, Day 21",GSM8787485,GSM8787485_neuron2025.h5ad
MYH6,0,0,0.8203,0.0085,0.01,0.0001,0.8203,0.0108,0.01,0.0001,0.8203,0.0111,"iPSC-Neuron, Day 21",GSM8787485,GSM8787485_neuron2025.h5ad
MYH7,0,0.0001,1.3257,0.2721,0.19,0.0013,0.6988,0.2709,0.25,0.0016,0.6516,0.2723,"iPSC-Neuron, Day 21",GSM8787485,GSM8787485_neuron2025.h5ad
MYH9,0.32,0.0047,1.4828,24.2734,14.56,0.1168,0.8024,24.8289,19.16,0.1412,0.7371,24.7386,"iPSC-Neuron, Day 21",GSM8787485,GSM8787485_neuron2025.h5ad
MYL2,0.02,0.0002,0.9998,1.3476,1.14,0.0089,0.7845,1.5874,1.52,0.0113,0.7437,1.5948,"iPSC-Neuron, Day 21",GSM8787485,GSM8787485_neuron2025.h5ad
MYL3,0.01,0.0001,1.1772,0.5144,0.39,0.0029,0.7358,0.558,0.53,0.0037,0.6954,0.5612,"iPSC-Neuron, Day 21",GSM8787485,GSM8787485_neuron2025.h5ad
MYLK,0.13,0.0014,1.0562,9.2843,7.22,0.0569,0.7878,10.8352,9.58,0.0712,0.7428,10.869,"iPSC-Neuron, Day 21",GSM8787485,GSM8787485_neuron2025.h5ad
MYLK3,0.28,0.0027,0.964,21.3827,16.16,0.1341,0.8302,26.1833,21.49,0.1698,0.7898,26.3445,"iPSC-Neuron, Day 21",GSM8787485,GSM8787485_neuron2025.h5ad
MYO6,0.56,0.008,1.4359,46.6679,27.32,0.2617,0.9577,50.8443,35.75,0.3173,0.8876,50.5551,"iPSC-Neuron, Day 21",GSM8787485,GSM8787485_neuron2025.h5ad
MYO7A,0.01,0.0002,1.0635,0.9862,0.79,0.0057,0.7274,1.1269,1.04,0.0068,0.6546,1.1169,"iPSC-Neuron, Day 21",GSM8787485,GSM8787485_neuron2025.h5ad
MYOC,0,0,0,0,0,0,0,0,0,0,0,0,"iPSC-Neuron, Day 21",GSM8787485,GSM8787485_neuron2025.h5ad
NACC1,0.15,0.0023,1.5386,9.9814,6.36,0.0462,0.727,9.3941,8.4,0.056,0.6665,9.3686,"iPSC-Neuron, Day 21",GSM8787485,GSM8787485_neuron2025.h5ad
NAF1,0.18,0.0025,1.4067,12.5491,8.17,0.0617,0.755,12.3955,10.83,0.076,0.7019,12.3915,"iPSC-Neuron, Day 21",GSM8787485,GSM8787485_neuron2025.h5ad
NARS1,1.23,0.0249,2.0309,121.3374,45.46,0.4888,1.0752,113.5206,58.7,0.5772,0.9832,112.8794,"iPSC-Neuron, Day 21",GSM8787485,GSM8787485_neuron2025.h5ad
NEB,0.19,0.0022,1.1596,15.1337,10,0.0794,0.7939,17.2117,13.32,0.1002,0.7523,17.3426,"iPSC-Neuron, Day 21",GSM8787485,GSM8787485_neuron2025.h5ad
NEDD4L,2.02,0.049,2.4246,273.6437,66.91,0.9996,1.494,269.4123,84.1,1.1642,1.3843,267.9344,"iPSC-Neuron, Day 21",GSM8787485,GSM8787485_neuron2025.h5ad
NEFH,0.3,0.0046,1.4969,28.4692,13.95,0.1145,0.8208,30.1544,18.5,0.1425,0.7701,30.4009,"iPSC-Neuron, Day 21",GSM8787485,GSM8787485_neuron2025.h5ad
NEFL,9.45,0.3965,4.1939,5236.6904,96.93,3.4905,3.6009,5310.3525,98.69,3.5034,3.5498,5331.4873,"iPSC-Neuron, Day 21",GSM8787485,GSM8787485_neuron2025.h5ad
NEK1,0.9,0.0148,1.648,91.1295,41.2,0.4265,1.0353,97.4736,53.97,0.5226,0.9683,97.5706,"iPSC-Neuron, Day 21",GSM8787485,GSM8787485_neuron2025.h5ad
NEK8,0.1,0.001,1.0835,6.5891,5.12,0.0392,0.7666,7.5305,6.79,0.0487,0.7178,7.5405,"iPSC-Neuron, Day 21",GSM8787485,GSM8787485_neuron2025.h5ad
NEXN,0.03,0.0004,1.0439,2.3083,1.87,0.0145,0.7762,2.698,2.52,0.019,0.7556,2.7395,"iPSC-Neuron, Day 21",GSM8787485,GSM8787485_neuron2025.h5ad
NFKB1,0.21,0.0029,1.4085,14.9126,9.8,0.0799,0.8153,15.1801,12.98,0.0992,0.764,15.1921,"iPSC-Neuron, Day 21",GSM8787485,GSM8787485_neuron2025.h5ad
NFKB2,0.01,0.0001,0.9387,0.8715,0.75,0.0055,0.7386,1.0348,0.99,0.007,0.7004,1.0391,"iPSC-Neuron, Day 21",GSM8787485,GSM8787485_neuron2025.h5ad
NFKBIA,0.48,0.0078,1.6273,37.5707,20.55,0.1747,0.8501,35.7996,27.08,0.2135,0.7881,35.7687,"iPSC-Neuron, Day 21",GSM8787485,GSM8787485_neuron2025.h5ad
NKX2-1,0,0,0,0,0,0,0,0,0,0,0,0,"iPSC-Neuron, Day 21",GSM8787485,GSM8787485_neuron2025.h5ad
NOD2,0,0,0.7885,0.3061,0.25,0.0013,0.5037,0.3521,0.34,0.0017,0.5037,0.3612,"iPSC-Neuron, Day 21",GSM8787485,GSM8787485_neuron2025.h5ad
NOTCH2,0.02,0.0002,1.0638,1.4624,1.16,0.0084,0.7247,1.6686,1.53,0.0104,0.6756,1.6726,"iPSC-Neuron, Day 21",GSM8787485,GSM8787485_neuron2025.h5ad
NOVA2,0.76,0.012,1.583,69.8191,34.37,0.3211,0.934,73.3003,45.39,0.3987,0.8784,73.6878,"iPSC-Neuron, Day 21",GSM8787485,GSM8787485_neuron2025.h5ad
NPRL2,0.27,0.0039,1.4587,18.9511,12.16,0.0961,0.7904,18.9454,16.06,0.1174,0.7311,18.9151,"iPSC-Neuron, Day 21",GSM8787485,GSM8787485_neuron2025.h5ad
NR2F2,0.08,0.0012,1.6109,6.4828,3.42,0.0328,0.9592,6.6799,4.53,0.0411,0.9069,6.707,"iPSC-Neuron, Day 21",GSM8787485,GSM8787485_neuron2025.h5ad
NRAS,0.73,0.0129,1.7701,60.9897,29.13,0.2625,0.901,56.7278,37.97,0.3112,0.8194,56.3619,"iPSC-Neuron, Day 21",GSM8787485,GSM8787485_neuron2025.h5ad
NRL,0.05,0.0007,1.3526,3.4306,2.38,0.0168,0.7068,3.4564,3.14,0.0205,0.6515,3.4563,"iPSC-Neuron, Day 21",GSM8787485,GSM8787485_neuron2025.h5ad
OPA1,1.33,0.0267,2.0075,155.9749,52.18,0.6169,1.1823,158.6872,67.76,0.7496,1.1063,159.1559,"iPSC-Neuron, Day 21",GSM8787485,GSM8787485_neuron2025.h5ad
OPA3,0.45,0.0058,1.2888,37.7025,22.71,0.1906,0.8392,42.0298,30.21,0.2408,0.7969,42.3756,"iPSC-Neuron, Day 21",GSM8787485,GSM8787485_neuron2025.h5ad
OPTN,1.96,0.0484,2.4695,266.1024,61.24,0.873,1.4256,251.6534,77.39,1.0181,1.3157,250.8808,"iPSC-Neuron, Day 21",GSM8787485,GSM8787485_neuron2025.h5ad
ORAI1,0.08,0.001,1.1831,5.4966,4.07,0.0296,0.7277,5.981,5.41,0.037,0.6836,6.0068,"iPSC-Neuron, Day 21",GSM8787485,GSM8787485_neuron2025.h5ad
OSBPL2,0.43,0.0065,1.5292,32.4014,19.09,0.1579,0.827,31.991,25.31,0.1968,0.7773,32.0957,"iPSC-Neuron, Day 21",GSM8787485,GSM8787485_neuron2025.h5ad
P2RX2,0,0,0,0,0,0,0,0,0,0,0,0,"iPSC-Neuron, Day 21",GSM8787485,GSM8787485_neuron2025.h5ad
P2RY12,0,0,1.9452,0.017,0.01,0.0002,1.492,0.0163,0.02,0.0002,1.492,0.0167,"iPSC-Neuron, Day 21",GSM8787485,GSM8787485_neuron2025.h5ad
PACS1,1.06,0.0197,1.8634,103.9804,42.59,0.4407,1.0347,102.8642,55.4,0.5295,0.9557,102.7273,"iPSC-Neuron, Day 21",GSM8787485,GSM8787485_neuron2025.h5ad
PACS2,0.71,0.0128,1.7963,58.7579,29.01,0.2667,0.9193,55.3842,37.74,0.3149,0.8344,54.8727,"iPSC-Neuron, Day 21",GSM8787485,GSM8787485_neuron2025.h5ad
PARN,0.31,0.0044,1.4427,22.437,14.22,0.1182,0.8313,22.819,18.7,0.1433,0.7663,22.7104,"iPSC-Neuron, Day 21",GSM8787485,GSM8787485_neuron2025.h5ad
PCGF2,0.84,0.0149,1.7836,71.9914,33.98,0.3178,0.935,69.1721,44.46,0.3837,0.863,69.059,"iPSC-Neuron, Day 21",GSM8787485,GSM8787485_neuron2025.h5ad
PCSK9,0,0,0.7169,0.0468,0.04,0.0003,0.7169,0.0596,0.06,0.0004,0.7169,0.0611,"iPSC-Neuron, Day 21",GSM8787485,GSM8787485_neuron2025.h5ad
PDGFRA,0.01,0.0001,1.4017,0.3443,0.26,0.0028,1.0694,0.3792,0.34,0.0035,1.0215,0.3779,"iPSC-Neuron, Day 21",GSM8787485,GSM8787485_neuron2025.h5ad
PDX1,0,0,1.0259,0.0425,0.04,0.0003,0.762,0.0488,0.05,0.0004,0.762,0.05,"iPSC-Neuron, Day 21",GSM8787485,GSM8787485_neuron2025.h5ad
PFN1,2.91,0.0875,3.012,617.8334,70.68,1.4216,2.0115,626.9042,86.34,1.6499,1.911,630.4277,"iPSC-Neuron, Day 21",GSM8787485,GSM8787485_neuron2025.h5ad
PIEZO1,0.01,0.0001,1.7381,0.3443,0.23,0.0021,0.9343,0.3196,0.29,0.0023,0.7903,0.3056,"iPSC-Neuron, Day 21",GSM8787485,GSM8787485_neuron2025.h5ad
PIK3CA,0.94,0.0156,1.6584,93.2551,42.13,0.4278,1.0154,98.3134,55.41,0.5298,0.9561,98.7542,"iPSC-Neuron, Day 21",GSM8787485,GSM8787485_neuron2025.h5ad
PIK3CD,0.07,0.001,1.4336,4.7994,3.31,0.0246,0.7417,4.7404,4.42,0.0311,0.7044,4.7732,"iPSC-Neuron, Day 21",GSM8787485,GSM8787485_neuron2025.h5ad
PIK3R1,1.29,0.0267,2.0726,160.6043,49.6,0.6129,1.2356,162.9671,64.06,0.7389,1.1534,163.1956,"iPSC-Neuron, Day 21",GSM8787485,GSM8787485_neuron2025.h5ad
PIK3R2,0.13,0.0014,1.0272,9.365,7.08,0.0495,0.6991,10.7702,9.53,0.0645,0.6769,10.9356,"iPSC-Neuron, Day 21",GSM8787485,GSM8787485_neuron2025.h5ad
PLAU,0.01,0.0001,1.3921,0.4464,0.31,0.0021,0.6891,0.4334,0.42,0.0029,0.6891,0.4445,"iPSC-Neuron, Day 21",GSM8787485,GSM8787485_neuron2025.h5ad
PLCB4,0.54,0.0079,1.456,46.6764,26.13,0.2462,0.9421,50.2375,34.52,0.3066,0.8882,50.3273,"iPSC-Neuron, Day 21",GSM8787485,GSM8787485_neuron2025.h5ad
PLIN1,0,0,1.4245,0.0425,0.03,0.0002,0.6107,0.0379,0.04,0.0002,0.6107,0.0389,"iPSC-Neuron, Day 21",GSM8787485,GSM8787485_neuron2025.h5ad
PLN,0,0,1.6206,0.1743,0.13,0.0012,0.885,0.1842,0.17,0.0014,0.8192,0.1834,"iPSC-Neuron, Day 21",GSM8787485,GSM8787485_neuron2025.h5ad
PMP2,0.01,0.0001,0.8595,0.931,0.83,0.0058,0.6949,1.1377,1.12,0.0077,0.6851,1.1614,"iPSC-Neuron, Day 21",GSM8787485,GSM8787485_neuron2025.h5ad
POFUT1,0.07,0.0009,1.2716,4.7654,3.52,0.0266,0.7566,5.0492,4.66,0.033,0.708,5.0566,"iPSC-Neuron, Day 21",GSM8787485,GSM8787485_neuron2025.h5ad
POLD1,0.02,0.0003,1.2385,1.5431,1.14,0.0083,0.7234,1.6199,1.52,0.0104,0.6793,1.6226,"iPSC-Neuron, Day 21",GSM8787485,GSM8787485_neuron2025.h5ad
POLE,0.08,0.0012,1.5201,5.1565,3.56,0.033,0.9259,5.0763,4.57,0.0374,0.8196,4.8955,"iPSC-Neuron, Day 21",GSM8787485,GSM8787485_neuron2025.h5ad
POLR1B,0.39,0.0056,1.42,30.0804,18.44,0.1502,0.8146,31.1133,24.48,0.1876,0.7666,31.2399,"iPSC-Neuron, Day 21",GSM8787485,GSM8787485_neuron2025.h5ad
POLR3B,0.37,0.0052,1.3909,28.9666,17.79,0.1496,0.8408,30.5228,23.56,0.1861,0.79,30.6009,"iPSC-Neuron, Day 21",GSM8787485,GSM8787485_neuron2025.h5ad
POU3F3,0.01,0.0002,1.911,0.6292,0.34,0.0039,1.1469,0.5472,0.43,0.0046,1.0567,0.5334,"iPSC-Neuron, Day 21",GSM8787485,GSM8787485_neuron2025.h5ad
PPARG,0.08,0.0008,1.0205,5.5051,4.58,0.0367,0.8026,6.6257,6.1,0.0467,0.7646,6.6625,"iPSC-Neuron, Day 21",GSM8787485,GSM8787485_neuron2025.h5ad
PPM1D,0.32,0.0045,1.4058,23.5933,15.32,0.131,0.8548,24.6555,20.25,0.1619,0.7996,24.6497,"iPSC-Neuron, Day 21",GSM8787485,GSM8787485_neuron2025.h5ad
PPOX,0.23,0.0032,1.3939,16.6981,10.85,0.0822,0.7576,16.9084,14.39,0.1015,0.7058,16.9425,"iPSC-Neuron, Day 21",GSM8787485,GSM8787485_neuron2025.h5ad
PPP1CB,1.67,0.038,2.2715,206.609,58.08,0.7478,1.2876,201.1125,74.65,0.8943,1.198,201.1592,"iPSC-Neuron, Day 21",GSM8787485,GSM8787485_neuron2025.h5ad
PPP1R12A,1.37,0.0274,2.0041,165.9861,55.29,0.6745,1.2199,171.0069,71.81,0.8224,1.1451,171.4418,"iPSC-Neuron, Day 21",GSM8787485,GSM8787485_neuron2025.h5ad
PPP2CA,0.83,0.0146,1.7663,71.4005,33.96,0.3179,0.936,68.9987,44.55,0.3868,0.8682,68.9701,"iPSC-Neuron, Day 21",GSM8787485,GSM8787485_neuron2025.h5ad
PPP2R1A,2.03,0.0514,2.5372,330.0805,66.37,1.0484,1.5796,340.0905,84.31,1.2582,1.4924,341.9445,"iPSC-Neuron, Day 21",GSM8787485,GSM8787485_neuron2025.h5ad
PPP2R5D,0.36,0.0058,1.6119,26.5222,15.39,0.122,0.7925,24.9481,20.26,0.1471,0.7261,24.8497,"iPSC-Neuron, Day 21",GSM8787485,GSM8787485_neuron2025.h5ad
PRDM16,0.01,0.0001,1.1274,0.6547,0.5,0.0036,0.7209,0.7314,0.67,0.0047,0.7034,0.7446,"iPSC-Neuron, Day 21",GSM8787485,GSM8787485_neuron2025.h5ad
PRKAG2,0.66,0.0104,1.5728,56.9767,29.79,0.2714,0.9111,58.4885,39.25,0.3345,0.8522,58.6068,"iPSC-Neuron, Day 21",GSM8787485,GSM8787485_neuron2025.h5ad
PRKG1,0.57,0.0092,1.6207,74.4145,27.02,0.2945,1.09,85.1486,35.28,0.3602,1.0208,85.6125,"iPSC-Neuron, Day 21",GSM8787485,GSM8787485_neuron2025.h5ad
PROC,0.01,0.0001,1.3366,0.4081,0.29,0.0024,0.8081,0.4117,0.39,0.0029,0.7588,0.4112,"iPSC-Neuron, Day 21",GSM8787485,GSM8787485_neuron2025.h5ad
PROK2,0,0,1.2876,0.0468,0.03,0.0002,0.4953,0.0433,0.04,0.0002,0.4953,0.0445,"iPSC-Neuron, Day 21",GSM8787485,GSM8787485_neuron2025.h5ad
PROKR2,0.19,0.003,1.5633,14.7171,8.98,0.0895,0.9971,15.2506,11.82,0.1112,0.9408,15.2143,"iPSC-Neuron, Day 21",GSM8787485,GSM8787485_neuron2025.h5ad
PROM1,0,0.0001,1.3089,0.2593,0.21,0.0018,0.8824,0.2871,0.27,0.0023,0.8432,0.2889,"iPSC-Neuron, Day 21",GSM8787485,GSM8787485_neuron2025.h5ad
PROS1,0.14,0.0019,1.3624,9.5393,6.36,0.0467,0.7332,9.6379,8.39,0.0562,0.6694,9.5742,"iPSC-Neuron, Day 21",GSM8787485,GSM8787485_neuron2025.h5ad
PRPF3,0.33,0.005,1.5194,23.8483,14.76,0.1262,0.8553,23.4149,19.46,0.1548,0.7955,23.3494,"iPSC-Neuron, Day 21",GSM8787485,GSM8787485_neuron2025.h5ad
PRPF31,0.5,0.0082,1.6358,39.0628,21.45,0.1771,0.8256,37.582,28.34,0.2173,0.767,37.6246,"iPSC-Neuron, Day 21",GSM8787485,GSM8787485_neuron2025.h5ad
PRPF4,0.53,0.0087,1.6535,42.03,22.26,0.1907,0.8571,39.9711,29.22,0.2301,0.7876,39.7917,"iPSC-Neuron, Day 21",GSM8787485,GSM8787485_neuron2025.h5ad
PRPF8,1.17,0.0223,1.9091,115.9259,46.78,0.509,1.088,114.6204,60.67,0.6103,1.0059,114.2352,"iPSC-Neuron, Day 21",GSM8787485,GSM8787485_neuron2025.h5ad
PRPH2,0.03,0.0004,1.3752,1.8322,1.23,0.0084,0.6809,1.777,1.65,0.0107,0.6456,1.7948,"iPSC-Neuron, Day 21",GSM8787485,GSM8787485_neuron2025.h5ad
PRSS1,0,0,0,0,0,0,0,0,0,0,0,0,"iPSC-Neuron, Day 21",GSM8787485,GSM8787485_neuron2025.h5ad
PSMD12,1.72,0.0401,2.3277,231.3543,58.71,0.7929,1.3506,226.922,75.07,0.9418,1.2546,226.9479,"iPSC-Neuron, Day 21",GSM8787485,GSM8787485_neuron2025.h5ad
RAB7A,1.87,0.0445,2.384,226.9077,58.99,0.7837,1.3285,210.6909,74.56,0.905,1.2139,209.4165,"iPSC-Neuron, Day 21",GSM8787485,GSM8787485_neuron2025.h5ad
RAC1,2.93,0.0853,2.907,487.9301,71.72,1.3089,1.8249,455.9569,87.44,1.4877,1.7014,454.7127,"iPSC-Neuron, Day 21",GSM8787485,GSM8787485_neuron2025.h5ad
RAC2,0,0,1.0757,0.0298,0.02,0.0002,0.7168,0.0325,0.03,0.0002,0.7168,0.0333,"iPSC-Neuron, Day 21",GSM8787485,GSM8787485_neuron2025.h5ad
RAF1,0.94,0.0169,1.7946,85.4204,39.69,0.4097,1.0323,84.6935,51.71,0.4948,0.9568,84.2789,"iPSC-Neuron, Day 21",GSM8787485,GSM8787485_neuron2025.h5ad
RALA,1.69,0.0389,2.3076,209.2787,56.53,0.7282,1.2881,198.5067,72.26,0.858,1.1875,197.9196,"iPSC-Neuron, Day 21",GSM8787485,GSM8787485_neuron2025.h5ad
RANBP2,1.16,0.0205,1.7747,138.3884,52.1,0.6051,1.1614,151.7852,68.56,0.7593,1.1076,153.0268,"iPSC-Neuron, Day 21",GSM8787485,GSM8787485_neuron2025.h5ad
RARB,0.04,0.0005,1.0998,2.8354,2.3,0.0174,0.7532,3.2506,3.04,0.0211,0.695,3.234,"iPSC-Neuron, Day 21",GSM8787485,GSM8787485_neuron2025.h5ad
RBFOX2,2.54,0.0703,2.7645,442.9881,73.91,1.3501,1.8267,443.9786,91.06,1.5647,1.7183,443.377,"iPSC-Neuron, Day 21",GSM8787485,GSM8787485_neuron2025.h5ad
RBM20,0.06,0.0007,1.1364,4.2936,3.16,0.0223,0.7052,4.7242,4.21,0.0277,0.6583,4.7343,"iPSC-Neuron, Day 21",GSM8787485,GSM8787485_neuron2025.h5ad
RDH12,0.01,0.0001,1.2116,0.5271,0.37,0.0025,0.6642,0.5418,0.5,0.0032,0.6417,0.5501,"iPSC-Neuron, Day 21",GSM8787485,GSM8787485_neuron2025.h5ad
RELA,0.16,0.0022,1.3885,11.0017,7.44,0.0557,0.7485,11.0628,9.85,0.0684,0.6945,11.0634,"iPSC-Neuron, Day 21",GSM8787485,GSM8787485_neuron2025.h5ad
REN,0,0,0,0,0,0,0,0,0,0,0,0,"iPSC-Neuron, Day 21",GSM8787485,GSM8787485_neuron2025.h5ad
RERE,1.71,0.0385,2.2566,272.1813,68.74,1.0692,1.5555,297.9306,87.29,1.2772,1.4632,297.4073,"iPSC-Neuron, Day 21",GSM8787485,GSM8787485_neuron2025.h5ad
RFX3,0.74,0.0114,1.5484,66.7413,34.17,0.3265,0.9553,70.9328,45.12,0.4064,0.9007,71.2373,"iPSC-Neuron, Day 21",GSM8787485,GSM8787485_neuron2025.h5ad
RFX6,0.01,0.0001,1.3817,0.7779,0.48,0.003,0.6211,0.753,0.64,0.0037,0.5843,0.7613,"iPSC-Neuron, Day 21",GSM8787485,GSM8787485_neuron2025.h5ad
RFX7,0.7,0.0109,1.5656,59.7569,31.44,0.2883,0.9171,61.517,41.52,0.3581,0.8624,61.7686,"iPSC-Neuron, Day 21",GSM8787485,GSM8787485_neuron2025.h5ad
RHBDF2,0.03,0.0003,1.1457,1.6579,1.36,0.0105,0.7756,1.8853,1.79,0.0128,0.7177,1.8726,"iPSC-Neuron, Day 21",GSM8787485,GSM8787485_neuron2025.h5ad
RHO,0,0,0.776,0.0043,0,0,0.776,0.0054,0.01,0,0.776,0.0056,"iPSC-Neuron, Day 21",GSM8787485,GSM8787485_neuron2025.h5ad
RHOBTB2,0.42,0.0068,1.6111,31.9381,18.38,0.1564,0.8509,30.7883,24.18,0.1901,0.7863,30.6898,"iPSC-Neuron, Day 21",GSM8787485,GSM8787485_neuron2025.h5ad
RIT1,0.42,0.0072,1.6915,32.2526,17.35,0.1452,0.8369,29.5097,22.63,0.1705,0.7536,29.2006,"iPSC-Neuron, Day 21",GSM8787485,GSM8787485_neuron2025.h5ad
RNF43,0.02,0.0002,0.9719,1.0755,0.92,0.0076,0.8241,1.3111,1.23,0.0098,0.7935,1.3225,"iPSC-Neuron, Day 21",GSM8787485,GSM8787485_neuron2025.h5ad
RP1,0,0.0001,1.2462,0.3188,0.25,0.0019,0.7738,0.3521,0.33,0.0025,0.7453,0.3556,"iPSC-Neuron, Day 21",GSM8787485,GSM8787485_neuron2025.h5ad
RPE65,0,0,0.882,0.0383,0.03,0.0003,0.882,0.0488,0.04,0.0004,0.882,0.05,"iPSC-Neuron, Day 21",GSM8787485,GSM8787485_neuron2025.h5ad
RPL5,4.31,0.1435,3.3321,986.4495,79.56,1.8937,2.3802,949.5988,91.98,2.0896,2.2719,950.0007,"iPSC-Neuron, Day 21",GSM8787485,GSM8787485_neuron2025.h5ad
RPS10,2,0.0506,2.5253,294.7458,61.08,0.9053,1.4821,289.7338,77.38,1.0708,1.3839,290.6614,"iPSC-Neuron, Day 21",GSM8787485,GSM8787485_neuron2025.h5ad
RRAS2,0.37,0.0058,1.5473,28.1079,16.26,0.1317,0.81,27.2831,21.39,0.1591,0.7438,27.2002,"iPSC-Neuron, Day 21",GSM8787485,GSM8787485_neuron2025.h5ad
RYR1,0.04,0.0004,1.0975,2.3253,1.9,0.015,0.7921,2.6492,2.51,0.0186,0.7414,2.645,"iPSC-Neuron, Day 21",GSM8787485,GSM8787485_neuron2025.h5ad
RYR2,0.33,0.0044,1.337,26.0419,16.59,0.1463,0.8818,28.67,22.02,0.1845,0.8377,28.8172,"iPSC-Neuron, Day 21",GSM8787485,GSM8787485_neuron2025.h5ad
SAMD9,0.01,0.0001,0.9935,0.965,0.69,0.0043,0.6233,1.0727,0.92,0.0052,0.5617,1.0724,"iPSC-Neuron, Day 21",GSM8787485,GSM8787485_neuron2025.h5ad
SAMD9L,0,0,1.0029,0.0468,0.04,0.0004,1.0029,0.0596,0.05,0.0003,0.654,0.05,"iPSC-Neuron, Day 21",GSM8787485,GSM8787485_neuron2025.h5ad
SATB1,0.88,0.0154,1.746,95.2531,38.38,0.4,1.0422,100.5454,50.46,0.4959,0.9828,101.2103,"iPSC-Neuron, Day 21",GSM8787485,GSM8787485_neuron2025.h5ad
SCAF4,0.42,0.0066,1.566,31.2154,18.52,0.1575,0.8508,30.214,24.35,0.1916,0.7867,30.0952,"iPSC-Neuron, Day 21",GSM8787485,GSM8787485_neuron2025.h5ad
SCN11A,0.05,0.0006,1.1501,3.6474,2.87,0.0237,0.826,4.1499,3.8,0.0295,0.7764,4.1453,"iPSC-Neuron, Day 21",GSM8787485,GSM8787485_neuron2025.h5ad
SCN1B,0.05,0.0006,1.1996,3.1968,2.42,0.0182,0.7519,3.4239,3.21,0.0226,0.7047,3.4229,"iPSC-Neuron, Day 21",GSM8787485,GSM8787485_neuron2025.h5ad
SCN3A,1.82,0.0423,2.3242,281.3678,68.06,1.0523,1.5462,298.299,86.52,1.262,1.4585,298.6575,"iPSC-Neuron, Day 21",GSM8787485,GSM8787485_neuron2025.h5ad
SCN8A,0.6,0.0086,1.4194,53.0105,29.72,0.2799,0.9417,58.4994,39,0.342,0.8769,58.4457,"iPSC-Neuron, Day 21",GSM8787485,GSM8787485_neuron2025.h5ad
SCNN1G,0.01,0.0001,1.2379,0.4421,0.33,0.0026,0.7888,0.4713,0.44,0.0033,0.7462,0.4723,"iPSC-Neuron, Day 21",GSM8787485,GSM8787485_neuron2025.h5ad
SDHA,0.6,0.009,1.5057,48.6531,27.82,0.2489,0.8948,50.8714,36.85,0.312,0.8466,51.1108,"iPSC-Neuron, Day 21",GSM8787485,GSM8787485_neuron2025.h5ad
SEC61A1,0.59,0.0096,1.6282,47.1143,25.66,0.2297,0.8952,46.326,33.72,0.2796,0.8292,46.1987,"iPSC-Neuron, Day 21",GSM8787485,GSM8787485_neuron2025.h5ad
SEC63,1.26,0.0241,1.9105,144.935,52.32,0.6052,1.1566,150.4037,68.62,0.7525,1.0967,151.3264,"iPSC-Neuron, Day 21",GSM8787485,GSM8787485_neuron2025.h5ad
SEMA6B,0.2,0.0027,1.3391,14.2792,10.06,0.0817,0.8116,15.2126,13.37,0.1026,0.7671,15.2699,"iPSC-Neuron, Day 21",GSM8787485,GSM8787485_neuron2025.h5ad
SEPTIN9,0.47,0.0072,1.5513,36.4824,20.44,0.1642,0.803,35.9729,27.05,0.2025,0.7486,36.0965,"iPSC-Neuron, Day 21",GSM8787485,GSM8787485_neuron2025.h5ad
SERPINC1,0,0,1.375,0.034,0.02,0.0002,0.7084,0.0325,0.03,0.0002,0.7084,0.0333,"iPSC-Neuron, Day 21",GSM8787485,GSM8787485_neuron2025.h5ad
SERPIND1,0,0,1.2492,0.0128,0.01,0.0001,1.2492,0.0163,0.02,0.0002,1.2492,0.0167,"iPSC-Neuron, Day 21",GSM8787485,GSM8787485_neuron2025.h5ad
SERPING1,0.11,0.0012,1.0909,7.9112,6.1,0.0474,0.7769,9.1503,8.13,0.0599,0.7366,9.2075,"iPSC-Neuron, Day 21",GSM8787485,GSM8787485_neuron2025.h5ad
SERPINI1,0.54,0.0091,1.681,45.5924,23.55,0.2265,0.9618,45.237,31.01,0.2797,0.9017,45.2762,"iPSC-Neuron, Day 21",GSM8787485,GSM8787485_neuron2025.h5ad
SETX,0.96,0.016,1.6658,102.1822,44.13,0.4664,1.0568,110.7793,57.99,0.5779,0.9966,111.2902,"iPSC-Neuron, Day 21",GSM8787485,GSM8787485_neuron2025.h5ad
SFTPA1,0,0,2.5935,0.0043,0,0.0001,2.5935,0.0054,0,0,0,0,"iPSC-Neuron, Day 21",GSM8787485,GSM8787485_neuron2025.h5ad
SFTPA2,0,0,1.3375,0.0128,0.01,0,0.3687,0.0108,0.01,0,0.3687,0.0111,"iPSC-Neuron, Day 21",GSM8787485,GSM8787485_neuron2025.h5ad
SFTPC,0.01,0.0001,1.5302,0.3443,0.23,0.0017,0.7532,0.3196,0.31,0.0023,0.7532,0.3278,"iPSC-Neuron, Day 21",GSM8787485,GSM8787485_neuron2025.h5ad
SHANK1,0.63,0.0094,1.4877,55.4548,29.85,0.2652,0.8885,59.4583,39.55,0.3315,0.8381,59.8182,"iPSC-Neuron, Day 21",GSM8787485,GSM8787485_neuron2025.h5ad
SHOC2,1.75,0.0401,2.2935,217.4534,60.04,0.8039,1.339,209.0168,76.25,0.9402,1.2331,207.9106,"iPSC-Neuron, Day 21",GSM8787485,GSM8787485_neuron2025.h5ad
SIX1,0.14,0.0025,1.7791,15.5971,5.91,0.0599,1.015,16.2095,7.78,0.0745,0.9575,16.3479,"iPSC-Neuron, Day 21",GSM8787485,GSM8787485_neuron2025.h5ad
SKI,0.28,0.0033,1.1691,21.625,14.55,0.1092,0.7508,24.2384,19.5,0.1405,0.7207,24.5441,"iPSC-Neuron, Day 21",GSM8787485,GSM8787485_neuron2025.h5ad
SLC17A8,0,0,1.3598,0.1743,0.12,0.0011,0.8783,0.195,0.17,0.0015,0.8783,0.2,"iPSC-Neuron, Day 21",GSM8787485,GSM8787485_neuron2025.h5ad
SLC1A2,0.9,0.0152,1.6916,84.8635,40.28,0.4199,1.0425,88.8326,53,0.5216,0.9841,89.1077,"iPSC-Neuron, Day 21",GSM8787485,GSM8787485_neuron2025.h5ad
SLC1A3,0.03,0.0004,1.2599,2.4571,1.6,0.0149,0.9292,2.8388,2.15,0.0193,0.9008,2.8728,"iPSC-Neuron, Day 21",GSM8787485,GSM8787485_neuron2025.h5ad
SLC30A2,0.03,0.0003,1.1457,1.6622,1.38,0.0116,0.8405,1.9449,1.8,0.0138,0.7651,1.9171,"iPSC-Neuron, Day 21",GSM8787485,GSM8787485_neuron2025.h5ad
SLC4A3,0.56,0.0084,1.4935,46.5616,26.21,0.2292,0.8746,49.0727,34.47,0.2793,0.8101,49.0604,"iPSC-Neuron, Day 21",GSM8787485,GSM8787485_neuron2025.h5ad
SLC52A1,0.01,0.0001,0.9465,0.9735,0.86,0.0067,0.7829,1.1865,1.14,0.0084,0.7392,1.1891,"iPSC-Neuron, Day 21",GSM8787485,GSM8787485_neuron2025.h5ad
SLC5A7,0.64,0.0138,2.1488,86.1048,23.53,0.2919,1.2404,88.0307,30.21,0.3465,1.1472,88.2353,"iPSC-Neuron, Day 21",GSM8787485,GSM8787485_neuron2025.h5ad
SLFN14,0.03,0.0003,1.0066,1.8152,1.51,0.0117,0.7757,2.1345,2,0.0145,0.726,2.1282,"iPSC-Neuron, Day 21",GSM8787485,GSM8787485_neuron2025.h5ad
SMAD2,1.44,0.0299,2.0785,170.1096,55.38,0.6821,1.2317,171.8141,71.36,0.8169,1.1447,171.6529,"iPSC-Neuron, Day 21",GSM8787485,GSM8787485_neuron2025.h5ad
SMAD6,0,0,1.8671,0.017,0.01,0.0002,1.8671,0.0217,0.01,0.0002,1.401,0.0167,"iPSC-Neuron, Day 21",GSM8787485,GSM8787485_neuron2025.h5ad
SMAD9,0.11,0.0012,1.1655,7.3841,5.48,0.0429,0.7835,8.2023,7.3,0.0542,0.7425,8.2517,"iPSC-Neuron, Day 21",GSM8787485,GSM8787485_neuron2025.h5ad
SMARCA2,1.14,0.022,1.9316,127.8968,46.12,0.5194,1.1262,130.4886,60.12,0.6338,1.0543,130.8665,"iPSC-Neuron, Day 21",GSM8787485,GSM8787485_neuron2025.h5ad
SMARCA5,1.97,0.0486,2.4649,318.3859,67.31,1.0636,1.58,326.644,85.74,1.2802,1.4932,327.7637,"iPSC-Neuron, Day 21",GSM8787485,GSM8787485_neuron2025.h5ad
SMARCC1,1.31,0.0259,1.9727,164.0689,54.23,0.658,1.2135,172.5617,70.8,0.8122,1.1471,173.5311,"iPSC-Neuron, Day 21",GSM8787485,GSM8787485_neuron2025.h5ad
SMARCC2,1.77,0.0408,2.309,256.0826,64.51,0.9311,1.4433,264.9699,82.85,1.1289,1.3625,265.9506,"iPSC-Neuron, Day 21",GSM8787485,GSM8787485_neuron2025.h5ad
SMC3,1.8,0.0417,2.3211,262.404,65.09,0.9497,1.459,267.7708,83.44,1.1472,1.3749,268.4401,"iPSC-Neuron, Day 21",GSM8787485,GSM8787485_neuron2025.h5ad
SMCHD1,1.34,0.026,1.9315,172.0098,57.83,0.7316,1.2651,185.5423,75.24,0.8998,1.1959,186.256,"iPSC-Neuron, Day 21",GSM8787485,GSM8787485_neuron2025.h5ad
SMO,0.01,0.0001,1.4543,0.4931,0.36,0.0034,0.9275,0.5038,0.48,0.0043,0.888,0.5057,"iPSC-Neuron, Day 21",GSM8787485,GSM8787485_neuron2025.h5ad
SNAP25,2.37,0.0649,2.7324,458.2621,69.52,1.2242,1.7609,473.9109,86.26,1.428,1.6556,475.6616,"iPSC-Neuron, Day 21",GSM8787485,GSM8787485_neuron2025.h5ad
SNCA,2.78,0.0811,2.9169,521.8917,70.24,1.3306,1.8944,515.3556,85.78,1.5282,1.7816,516.1924,"iPSC-Neuron, Day 21",GSM8787485,GSM8787485_neuron2025.h5ad
SNRNP200,0.9,0.016,1.769,83.2056,38.6,0.3854,0.9985,83.87,50.41,0.4665,0.9254,83.6843,"iPSC-Neuron, Day 21",GSM8787485,GSM8787485_neuron2025.h5ad
SOCS1,0.02,0.0003,1.4978,1.2796,0.83,0.0059,0.714,1.2027,1.1,0.0072,0.6562,1.2003,"iPSC-Neuron, Day 21",GSM8787485,GSM8787485_neuron2025.h5ad
SOD1,2.57,0.0732,2.8453,490.1746,68.49,1.2505,1.826,493.0892,84.91,1.4632,1.7231,495.4713,"iPSC-Neuron, Day 21",GSM8787485,GSM8787485_neuron2025.h5ad
SOS1,0.95,0.0155,1.6382,95.8014,43.67,0.4564,1.0453,103.1784,57.22,0.5613,0.9809,103.383,"iPSC-Neuron, Day 21",GSM8787485,GSM8787485_neuron2025.h5ad
SOS2,0.76,0.012,1.5781,67.0602,34.54,0.3324,0.9623,69.8384,45.34,0.4073,0.8984,69.8203,"iPSC-Neuron, Day 21",GSM8787485,GSM8787485_neuron2025.h5ad
SOX17,0,0,0.8306,0.0043,0,0,0.8306,0.0054,0.01,0,0.8306,0.0056,"iPSC-Neuron, Day 21",GSM8787485,GSM8787485_neuron2025.h5ad
SOX6,0.09,0.0012,1.2657,7.0142,4.79,0.0403,0.8427,7.7634,6.29,0.0489,0.777,7.7239,"iPSC-Neuron, Day 21",GSM8787485,GSM8787485_neuron2025.h5ad
SPEN,1.16,0.0205,1.7678,139.8847,52.93,0.6179,1.1673,153.9956,69.63,0.7744,1.1123,155.1939,"iPSC-Neuron, Day 21",GSM8787485,GSM8787485_neuron2025.h5ad
SPI1,0,0,1.1582,0.2763,0.21,0.0014,0.6588,0.2871,0.28,0.0019,0.6588,0.2945,"iPSC-Neuron, Day 21",GSM8787485,GSM8787485_neuron2025.h5ad
SPTBN1,3.38,0.1111,3.2874,1035.3152,81.1,2.0166,2.4867,1122.8214,95.84,2.3102,2.4106,1129.1942,"iPSC-Neuron, Day 21",GSM8787485,GSM8787485_neuron2025.h5ad
SPTBN2,0.59,0.0087,1.4788,50.4131,28.15,0.2518,0.8945,54.2953,37.15,0.3117,0.8391,54.4782,"iPSC-Neuron, Day 21",GSM8787485,GSM8787485_neuron2025.h5ad
SPTLC2,0.63,0.0096,1.5273,53.8777,28.96,0.2599,0.8976,56.0885,38.2,0.3208,0.8398,56.223,"iPSC-Neuron, Day 21",GSM8787485,GSM8787485_neuron2025.h5ad
SQSTM1,0.82,0.0143,1.7363,75.3497,34.6,0.3246,0.9383,75.1206,45.52,0.399,0.8764,75.3826,"iPSC-Neuron, Day 21",GSM8787485,GSM8787485_neuron2025.h5ad
SRC,0.18,0.0025,1.4114,12.2813,8.19,0.063,0.7689,12.2601,10.9,0.0794,0.728,12.3248,"iPSC-Neuron, Day 21",GSM8787485,GSM8787485_neuron2025.h5ad
SRCAP,0.04,0.0005,1.2287,2.9162,2.26,0.0189,0.835,3.2018,2.97,0.0229,0.7712,3.1729,"iPSC-Neuron, Day 21",GSM8787485,GSM8787485_neuron2025.h5ad
SSBP1,1.55,0.0345,2.2243,192.113,54.85,0.6901,1.2582,188.2836,70.44,0.8214,1.1661,188.3065,"iPSC-Neuron, Day 21",GSM8787485,GSM8787485_neuron2025.h5ad
STAT1,0.37,0.0056,1.4937,28.3289,16.63,0.1327,0.7979,28.0415,21.84,0.1591,0.7285,27.9337,"iPSC-Neuron, Day 21",GSM8787485,GSM8787485_neuron2025.h5ad
STAT3,0.83,0.0139,1.6841,76.1659,36.66,0.3642,0.9934,78.5066,47.81,0.4391,0.9184,78.2665,"iPSC-Neuron, Day 21",GSM8787485,GSM8787485_neuron2025.h5ad
STAT6,0.06,0.0006,1.0262,4.1023,3.27,0.0238,0.7264,4.7458,4.38,0.0305,0.6969,4.7955,"iPSC-Neuron, Day 21",GSM8787485,GSM8787485_neuron2025.h5ad
STIM1,0.18,0.0022,1.2037,13.242,9.39,0.0692,0.7377,14.568,12.5,0.0872,0.6975,14.6642,"iPSC-Neuron, Day 21",GSM8787485,GSM8787485_neuron2025.h5ad
STT3A,0.47,0.007,1.4687,37.4857,22.21,0.1905,0.8578,39.0989,29.41,0.2371,0.8061,39.2305,"iPSC-Neuron, Day 21",GSM8787485,GSM8787485_neuron2025.h5ad
STX1B,0.91,0.0172,1.8903,81.3607,35.55,0.3411,0.9594,76.41,46.2,0.4036,0.8736,75.9827,"iPSC-Neuron, Day 21",GSM8787485,GSM8787485_neuron2025.h5ad
SUFU,0.06,0.0008,1.4573,3.8897,2.67,0.0208,0.7779,3.8411,3.54,0.0258,0.7278,3.8397,"iPSC-Neuron, Day 21",GSM8787485,GSM8787485_neuron2025.h5ad
SYT2,0.64,0.0109,1.7103,70.8053,27.7,0.2671,0.9644,75.1964,36.37,0.3275,0.9004,75.7104,"iPSC-Neuron, Day 21",GSM8787485,GSM8787485_neuron2025.h5ad
TANC2,1.14,0.0203,1.783,133.0108,51.18,0.5916,1.1559,144.791,66.79,0.7266,1.0878,145.2085,"iPSC-Neuron, Day 21",GSM8787485,GSM8787485_neuron2025.h5ad
TARDBP,1.18,0.0242,2.0491,108.3845,42.79,0.4533,1.0595,97.154,55.03,0.5279,0.9592,96.0481,"iPSC-Neuron, Day 21",GSM8787485,GSM8787485_neuron2025.h5ad
TBK1,0.58,0.0085,1.4653,49.0442,27.67,0.2509,0.907,52.177,36.43,0.3088,0.8475,52.1832,"iPSC-Neuron, Day 21",GSM8787485,GSM8787485_neuron2025.h5ad
TBXA2R,0.01,0.0001,1.323,0.3826,0.32,0.0026,0.8053,0.4388,0.42,0.0032,0.7637,0.439,"iPSC-Neuron, Day 21",GSM8787485,GSM8787485_neuron2025.h5ad
TCF3,0.14,0.0016,1.195,9.4968,6.91,0.0531,0.7689,10.391,9.2,0.0669,0.727,10.4467,"iPSC-Neuron, Day 21",GSM8787485,GSM8787485_neuron2025.h5ad
TCF7L2,0.51,0.0129,2.5529,71.5663,15.69,0.2527,1.6105,69.8763,19.72,0.2987,1.5148,69.8314,"iPSC-Neuron, Day 21",GSM8787485,GSM8787485_neuron2025.h5ad
TECTA,0.08,0.0012,1.4503,5.7899,3.7,0.0274,0.7409,5.656,4.91,0.0337,0.6877,5.6679,"iPSC-Neuron, Day 21",GSM8787485,GSM8787485_neuron2025.h5ad
TEK,0,0,1.4596,0.0553,0.04,0.0002,0.5943,0.0488,0.05,0.0003,0.5943,0.05,"iPSC-Neuron, Day 21",GSM8787485,GSM8787485_neuron2025.h5ad
TERC,0,0,0,0,0,0,0,0,0,0,0,0,"iPSC-Neuron, Day 21",GSM8787485,GSM8787485_neuron2025.h5ad
TERT,0,0,1.1446,0.2253,0.19,0.0015,0.7889,0.26,0.25,0.0019,0.7416,0.2612,"iPSC-Neuron, Day 21",GSM8787485,GSM8787485_neuron2025.h5ad
TET2,0.66,0.0105,1.5935,57.1,29.88,0.281,0.9405,58.651,39.12,0.3402,0.8698,58.4568,"iPSC-Neuron, Day 21",GSM8787485,GSM8787485_neuron2025.h5ad
TET3,0.68,0.0109,1.603,57.6313,30.29,0.2792,0.9218,58.3747,39.8,0.3416,0.8583,58.3623,"iPSC-Neuron, Day 21",GSM8787485,GSM8787485_neuron2025.h5ad
TGFB2,0.01,0.0002,1.3955,0.8077,0.57,0.0043,0.7488,0.8072,0.75,0.0053,0.6995,0.8057,"iPSC-Neuron, Day 21",GSM8787485,GSM8787485_neuron2025.h5ad
TGFBR2,0.02,0.0002,1.5045,1.0458,0.72,0.0061,0.8506,1.0619,0.94,0.0072,0.7628,1.0391,"iPSC-Neuron, Day 21",GSM8787485,GSM8787485_neuron2025.h5ad
THBD,0,0,1.71,0.0425,0.02,0.0001,0.6142,0.0325,0.03,0.0002,0.6142,0.0333,"iPSC-Neuron, Day 21",GSM8787485,GSM8787485_neuron2025.h5ad
THPO,0,0,0.9806,0.1275,0.11,0.0008,0.724,0.1463,0.14,0.001,0.724,0.15,"iPSC-Neuron, Day 21",GSM8787485,GSM8787485_neuron2025.h5ad
TIMP3,0.04,0.0006,1.3633,2.9672,2.29,0.0234,1.0209,3.3698,2.95,0.0273,0.927,3.2729,"iPSC-Neuron, Day 21",GSM8787485,GSM8787485_neuron2025.h5ad
TINF2,0.36,0.0055,1.5457,26.0674,15.58,0.1231,0.7901,25.0998,20.59,0.1509,0.7327,25.1109,"iPSC-Neuron, Day 21",GSM8787485,GSM8787485_neuron2025.h5ad
TLK2,0.72,0.0117,1.6128,63.7741,32.38,0.3038,0.9382,65.461,42.53,0.3718,0.8741,65.4749,"iPSC-Neuron, Day 21",GSM8787485,GSM8787485_neuron2025.h5ad
TMC1,0.02,0.0002,1.2573,1.1265,0.88,0.0071,0.8059,1.219,1.18,0.0091,0.7729,1.228,"iPSC-Neuron, Day 21",GSM8787485,GSM8787485_neuron2025.h5ad
TMEM43,0.35,0.0053,1.5096,25.8251,15.66,0.1299,0.8297,25.5494,20.76,0.1618,0.7793,25.6165,"iPSC-Neuron, Day 21",GSM8787485,GSM8787485_neuron2025.h5ad
TNFRSF1A,0.15,0.0019,1.2959,10.9082,7.1,0.0502,0.7079,11.3607,9.43,0.0622,0.6594,11.4191,"iPSC-Neuron, Day 21",GSM8787485,GSM8787485_neuron2025.h5ad
TNNC1,0,0,1.611,0.1913,0.12,0.0008,0.6547,0.1679,0.17,0.0011,0.6547,0.1723,"iPSC-Neuron, Day 21",GSM8787485,GSM8787485_neuron2025.h5ad
TNNI3,0.01,0.0001,1.594,0.4464,0.3,0.0023,0.7902,0.4226,0.4,0.0032,0.7902,0.4334,"iPSC-Neuron, Day 21",GSM8787485,GSM8787485_neuron2025.h5ad
TNNI3K,0,0,1.2657,0.1275,0.09,0.0007,0.7602,0.13,0.12,0.0007,0.5785,0.1222,"iPSC-Neuron, Day 21",GSM8787485,GSM8787485_neuron2025.h5ad
TNNT2,0.03,0.0004,1.0782,2.219,1.83,0.0141,0.7716,2.633,2.43,0.0178,0.7307,2.645,"iPSC-Neuron, Day 21",GSM8787485,GSM8787485_neuron2025.h5ad
TNPO3,0.7,0.012,1.7173,57.9417,28.98,0.2626,0.9062,55.6497,37.96,0.3167,0.8343,55.4728,"iPSC-Neuron, Day 21",GSM8787485,GSM8787485_neuron2025.h5ad
TOP2B,1.78,0.0408,2.2931,247.0152,64.48,0.9284,1.4397,252.0435,82.45,1.1146,1.3518,252.2477,"iPSC-Neuron, Day 21",GSM8787485,GSM8787485_neuron2025.h5ad
TOPORS,0.52,0.0077,1.4626,42.6124,24.35,0.2067,0.8489,44.056,32.31,0.2586,0.8006,44.2816,"iPSC-Neuron, Day 21",GSM8787485,GSM8787485_neuron2025.h5ad
TP63,0,0,1.3141,0.0638,0.05,0.0004,0.8023,0.065,0.06,0.0005,0.8023,0.0667,"iPSC-Neuron, Day 21",GSM8787485,GSM8787485_neuron2025.h5ad
TPM1,1.32,0.0267,2.0234,146.0232,51.15,0.596,1.1651,144.9915,66.15,0.7149,1.0807,144.7417,"iPSC-Neuron, Day 21",GSM8787485,GSM8787485_neuron2025.h5ad
TPM2,0.04,0.0006,1.5206,2.7207,1.7,0.0125,0.7336,2.6275,2.25,0.0152,0.6764,2.6283,"iPSC-Neuron, Day 21",GSM8787485,GSM8787485_neuron2025.h5ad
TPM3,2.37,0.0645,2.7186,418.6764,68.64,1.1774,1.7154,419.7023,85.84,1.3853,1.6138,420.9945,"iPSC-Neuron, Day 21",GSM8787485,GSM8787485_neuron2025.h5ad
TPM4,1.46,0.0309,2.1168,168.592,54.36,0.6572,1.209,166.3044,70.32,0.7921,1.1264,166.3407,"iPSC-Neuron, Day 21",GSM8787485,GSM8787485_neuron2025.h5ad
TRAF3,0.49,0.0079,1.6107,38.1021,21.08,0.1812,0.8596,36.7639,27.76,0.221,0.7962,36.6633,"iPSC-Neuron, Day 21",GSM8787485,GSM8787485_neuron2025.h5ad
TRAF7,0.35,0.0053,1.5011,26.4075,15.94,0.1248,0.7827,26.2592,20.99,0.1504,0.7168,26.1944,"iPSC-Neuron, Day 21",GSM8787485,GSM8787485_neuron2025.h5ad
TRIM8,0.98,0.0166,1.6939,98.8622,44.05,0.4622,1.0494,105.0258,58.01,0.5762,0.9934,105.6445,"iPSC-Neuron, Day 21",GSM8787485,GSM8787485_neuron2025.h5ad
TRPM3,0.64,0.0098,1.5354,65.9889,30.45,0.3034,0.9964,72.8235,40.03,0.3749,0.9365,73.1266,"iPSC-Neuron, Day 21",GSM8787485,GSM8787485_neuron2025.h5ad
TRPM7,0.53,0.0076,1.4505,42.1023,25.51,0.2376,0.9315,45.0908,33.44,0.2889,0.864,44.8317,"iPSC-Neuron, Day 21",GSM8787485,GSM8787485_neuron2025.h5ad
TRPV4,0,0,1.1375,0.0298,0.02,0.0002,0.7703,0.0325,0.03,0.0002,0.7703,0.0333,"iPSC-Neuron, Day 21",GSM8787485,GSM8787485_neuron2025.h5ad
TRRAP,0.6,0.0094,1.5601,49.5629,27.53,0.2563,0.931,51.0122,35.98,0.3086,0.8577,50.6996,"iPSC-Neuron, Day 21",GSM8787485,GSM8787485_neuron2025.h5ad
TSPAN12,0.02,0.0003,1.5432,1.4454,0.94,0.0078,0.8333,1.3544,1.24,0.0097,0.7822,1.3558,"iPSC-Neuron, Day 21",GSM8787485,GSM8787485_neuron2025.h5ad
TTR,0.01,0.0001,1.0068,0.6079,0.5,0.0035,0.7067,0.688,0.68,0.0047,0.6909,0.7001,"iPSC-Neuron, Day 21",GSM8787485,GSM8787485_neuron2025.h5ad
TUBA1A,10.37,0.4629,4.4642,6164.8706,98.23,3.9395,4.0104,6253.5801,99.68,4.0592,4.0723,6287.834,"iPSC-Neuron, Day 21",GSM8787485,GSM8787485_neuron2025.h5ad
TUBA4A,0.18,0.0026,1.4743,14.7128,7.94,0.0566,0.7135,14.9093,10.48,0.0681,0.6497,14.9309,"iPSC-Neuron, Day 21",GSM8787485,GSM8787485_neuron2025.h5ad
TUBB1,0,0.0001,2.3767,0.136,0.06,0.0005,0.9121,0.0813,0.08,0.0006,0.7923,0.0778,"iPSC-Neuron, Day 21",GSM8787485,GSM8787485_neuron2025.h5ad
TUBB2A,4.28,0.144,3.3678,1105.5382,81.18,2.0418,2.5153,1119.6737,94.32,2.2972,2.4354,1125.1488,"iPSC-Neuron, Day 21",GSM8787485,GSM8787485_neuron2025.h5ad
TUBB2B,5.81,0.2128,3.6618,1821.1285,87.44,2.5947,2.9674,1840.8444,96.95,2.8421,2.9316,1850.0575,"iPSC-Neuron, Day 21",GSM8787485,GSM8787485_neuron2025.h5ad
TUBB3,0.99,0.0179,1.8085,92.5239,40.56,0.4031,0.994,91.8339,53.16,0.4928,0.9271,92.0417,"iPSC-Neuron, Day 21",GSM8787485,GSM8787485_neuron2025.h5ad
TUBB4A,0.89,0.0155,1.7502,82.5212,37.62,0.3635,0.9662,83.4854,49.56,0.4497,0.9073,83.8788,"iPSC-Neuron, Day 21",GSM8787485,GSM8787485_neuron2025.h5ad
TUBB4B,1.73,0.0418,2.4099,253.9061,57.25,0.7972,1.3927,255.6516,73.36,0.9573,1.3051,257.0932,"iPSC-Neuron, Day 21",GSM8787485,GSM8787485_neuron2025.h5ad
TUBG1,0.6,0.0097,1.6017,51.1528,26.24,0.2215,0.8441,51.1747,34.84,0.2778,0.7974,51.572,"iPSC-Neuron, Day 21",GSM8787485,GSM8787485_neuron2025.h5ad
UBA2,1.35,0.0278,2.0666,142.6351,50.14,0.5682,1.1331,136.838,64.73,0.6745,1.0422,136.2566,"iPSC-Neuron, Day 21",GSM8787485,GSM8787485_neuron2025.h5ad
UBTF,1.21,0.0232,1.9175,133.4359,49.73,0.5626,1.1311,136.4642,65.07,0.6935,1.0657,137.0123,"iPSC-Neuron, Day 21",GSM8787485,GSM8787485_neuron2025.h5ad
UCHL1,6.52,0.2425,3.7165,2092.6467,89.52,2.6965,3.0121,2069.8142,96.96,2.8708,2.9608,2075.5718,"iPSC-Neuron, Day 21",GSM8787485,GSM8787485_neuron2025.h5ad
UMOD,0,0,0,0,0,0,0,0,0,0,0,0,"iPSC-Neuron, Day 21",GSM8787485,GSM8787485_neuron2025.h5ad
UNC93B1,0,0,1.328,0.0978,0.07,0.0008,1.0174,0.1084,0.09,0.0007,0.7998,0.1,"iPSC-Neuron, Day 21",GSM8787485,GSM8787485_neuron2025.h5ad
VAPB,0.91,0.016,1.7586,84.4937,37.76,0.3622,0.959,83.7617,49.56,0.4423,0.8925,83.8955,"iPSC-Neuron, Day 21",GSM8787485,GSM8787485_neuron2025.h5ad
VCAN,0.94,0.0184,1.9588,134.6985,40.79,0.5408,1.3256,149.3093,53.14,0.6701,1.2611,150.4207,"iPSC-Neuron, Day 21",GSM8787485,GSM8787485_neuron2025.h5ad
VCL,0.37,0.0052,1.43,28.1079,17.12,0.141,0.8236,28.8975,22.67,0.175,0.7719,28.995,"iPSC-Neuron, Day 21",GSM8787485,GSM8787485_neuron2025.h5ad
VCP,1.42,0.0297,2.0918,175.772,54.43,0.6713,1.2333,179.5775,70.66,0.8183,1.1581,180.2547,"iPSC-Neuron, Day 21",GSM8787485,GSM8787485_neuron2025.h5ad
VPS35,1.82,0.0431,2.3734,279.5399,63.21,0.9304,1.472,287.9839,80.74,1.1179,1.3846,289.2222,"iPSC-Neuron, Day 21",GSM8787485,GSM8787485_neuron2025.h5ad
VWF,0,0,0.467,0.0128,0.01,0.0001,0.467,0.0163,0.02,0.0001,0.467,0.0167,"iPSC-Neuron, Day 21",GSM8787485,GSM8787485_neuron2025.h5ad
WASHC5,0.27,0.0044,1.6513,18.7683,11.07,0.09,0.8131,16.968,14.48,0.1066,0.7363,16.7869,"iPSC-Neuron, Day 21",GSM8787485,GSM8787485_neuron2025.h5ad
WDR37,0.43,0.0069,1.6062,32.8265,18.53,0.1575,0.8495,31.5359,24.21,0.1863,0.7696,31.2288,"iPSC-Neuron, Day 21",GSM8787485,GSM8787485_neuron2025.h5ad
WFS1,0.05,0.0006,1.1621,3.6984,2.84,0.0209,0.7337,4.1228,3.82,0.0272,0.7109,4.1787,"iPSC-Neuron, Day 21",GSM8787485,GSM8787485_neuron2025.h5ad
WNT10A,0,0,1.5743,0.1318,0.09,0.0007,0.7325,0.1246,0.12,0.0009,0.7325,0.1278,"iPSC-Neuron, Day 21",GSM8787485,GSM8787485_neuron2025.h5ad
WNT5A,0.01,0.0001,1.1457,0.7822,0.58,0.0045,0.7843,0.8831,0.78,0.0061,0.7843,0.9057,"iPSC-Neuron, Day 21",GSM8787485,GSM8787485_neuron2025.h5ad
WRAP53,0.1,0.0015,1.4306,7.1247,4.79,0.0366,0.764,7.005,6.34,0.0449,0.709,7.0015,"iPSC-Neuron, Day 21",GSM8787485,GSM8787485_neuron2025.h5ad
YARS1,0.96,0.0181,1.885,90.5174,37.37,0.371,0.9926,86.335,48.59,0.4423,0.9104,86.0793,"iPSC-Neuron, Day 21",GSM8787485,GSM8787485_neuron2025.h5ad
YY1,1.31,0.0258,1.9698,171.2149,54.37,0.6666,1.2261,182.5139,71.12,0.8275,1.1635,183.9333,"iPSC-Neuron, Day 21",GSM8787485,GSM8787485_neuron2025.h5ad
ZBTB20,0.78,0.0121,1.5535,80.6295,38.18,0.412,1.0791,90.6745,50.43,0.5195,1.0301,91.286,"iPSC-Neuron, Day 21",GSM8787485,GSM8787485_neuron2025.h5ad
ZCCHC8,0.43,0.0063,1.4712,33.0816,20.02,0.1735,0.8666,33.9034,26.48,0.2154,0.8136,33.9572,"iPSC-Neuron, Day 21",GSM8787485,GSM8787485_neuron2025.h5ad
ZIC1,0.01,0.0001,1.2983,0.7524,0.52,0.0043,0.8193,0.7964,0.69,0.0052,0.7578,0.7946,"iPSC-Neuron, Day 21",GSM8787485,GSM8787485_neuron2025.h5ad
ZMIZ1,1.2,0.0225,1.8685,148.289,52.08,0.6084,1.1683,160.3613,68.47,0.7618,1.1126,161.8898,"iPSC-Neuron, Day 21",GSM8787485,GSM8787485_neuron2025.h5ad
ZMYND8,1.37,0.0272,1.9878,179.5894,56.87,0.7265,1.2775,192.1572,73.59,0.8834,1.2004,192.7074,"iPSC-Neuron, Day 21",GSM8787485,GSM8787485_neuron2025.h5ad
ZNF292,1.61,0.0356,2.211,269.9028,65.82,0.9964,1.5138,298.5916,85.17,1.2336,1.4485,301.1025,"iPSC-Neuron, Day 21",GSM8787485,GSM8787485_neuron2025.h5ad
ZSWIM6,0.55,0.007,1.2631,49.3418,28.32,0.2419,0.8543,56.3865,37.88,0.3113,0.822,57.1454,"iPSC-Neuron, Day 21",GSM8787485,GSM8787485_neuron2025.h5ad
